timestamp,temperature_c,relative_humidity_pct,precipitation,wind_speed_10m,cloud_cover,snowfall,city,date,sunrise,sunset,is_daytime
2025-12-15 00:00:00,5.6,97,0.0,11.2,100,0.0,paris,2025-12-15,2025-12-15 08:37:00,2025-12-15 16:53:00,False
2025-12-15 01:00:00,5.0,96,0.0,11.6,100,0.0,paris,2025-12-15,2025-12-15 08:37:00,2025-12-15 16:53:00,False
2025-12-15 02:00:00,5.0,95,0.0,11.9,100,0.0,paris,2025-12-15,2025-12-15 08:37:00,2025-12-15 16:53:00,False
2025-12-15 03:00:00,5.1,96,0.0,13.6,100,0.0,paris,2025-12-15,2025-12-15 08:37:00,2025-12-15 16:53:00,False
2025-12-15 04:00:00,5.2,99,0.0,12.5,100,0.0,paris,2025-12-15,2025-12-15 08:37:00,2025-12-15 16:53:00,False
2025-12-15 05:00:00,5.6,95,0.0,11.7,100,0.0,paris,2025-12-15,2025-12-15 08:37:00,2025-12-15 16:53:00,False
2025-12-15 06:00:00,5.2,99,0.0,11.6,100,0.0,paris,2025-12-15,2025-12-15 08:37:00,2025-12-15 16:53:00,False
2025-12-15 07:00:00,5.5,96,0.0,12.4,100,0.0,paris,2025-12-15,2025-12-15 08:37:00,2025-12-15 16:53:00,False
2025-12-15 08:00:00,5.1,98,0.0,11.3,100,0.0,paris,2025-12-15,2025-12-15 08:37:00,2025-12-15 16:53:00,False
2025-12-15 09:00:00,5.3,97,0.0,10.3,100,0.0,paris,2025-12-15,2025-12-15 08:37:00,2025-12-15 16:53:00,True
2025-12-15 10:00:00,6.0,92,0.0,10.0,98,0.0,paris,2025-12-15,2025-12-15 08:37:00,2025-12-15 16:53:00,True
2025-12-15 11:00:00,6.4,89,0.0,10.6,95,0.0,paris,2025-12-15,2025-12-15 08:37:00,2025-12-15 16:53:00,True
2025-12-15 12:00:00,7.6,84,0.0,11.0,100,0.0,paris,2025-12-15,2025-12-15 08:37:00,2025-12-15 16:53:00,True
2025-12-15 13:00:00,9.6,77,0.0,10.5,100,0.0,paris,2025-12-15,2025-12-15 08:37:00,2025-12-15 16:53:00,True
2025-12-15 14:00:00,10.6,76,0.0,10.5,100,0.0,paris,2025-12-15,2025-12-15 08:37:00,2025-12-15 16:53:00,True
2025-12-15 15:00:00,11.2,76,0.0,10.0,100,0.0,paris,2025-12-15,2025-12-15 08:37:00,2025-12-15 16:53:00,True
2025-12-15 16:00:00,11.4,77,0.0,10.0,100,0.0,paris,2025-12-15,2025-12-15 08:37:00,2025-12-15 16:53:00,True
2025-12-15 17:00:00,11.2,79,0.0,11.2,100,0.0,paris,2025-12-15,2025-12-15 08:37:00,2025-12-15 16:53:00,False
2025-12-15 18:00:00,11.1,79,0.0,12.2,100,0.0,paris,2025-12-15,2025-12-15 08:37:00,2025-12-15 16:53:00,False
2025-12-15 19:00:00,10.9,81,0.0,11.9,100,0.0,paris,2025-12-15,2025-12-15 08:37:00,2025-12-15 16:53:00,False
2025-12-15 20:00:00,11.0,83,0.0,10.5,100,0.0,paris,2025-12-15,2025-12-15 08:37:00,2025-12-15 16:53:00,False
2025-12-15 21:00:00,11.1,85,0.3,11.6,100,0.0,paris,2025-12-15,2025-12-15 08:37:00,2025-12-15 16:53:00,False
2025-12-15 22:00:00,11.2,88,0.6,9.8,100,0.0,paris,2025-12-15,2025-12-15 08:37:00,2025-12-15 16:53:00,False
2025-12-15 23:00:00,11.2,88,0.7,8.8,100,0.0,paris,2025-12-15,2025-12-15 08:37:00,2025-12-15 16:53:00,False
2025-12-16 00:00:00,11.2,86,0.2,9.2,100,0.0,paris,2025-12-16,2025-12-16 08:38:00,2025-12-16 16:54:00,False
2025-12-16 01:00:00,11.2,81,0.0,10.2,85,0.0,paris,2025-12-16,2025-12-16 08:38:00,2025-12-16 16:54:00,False
2025-12-16 02:00:00,10.9,82,0.0,9.9,84,0.0,paris,2025-12-16,2025-12-16 08:38:00,2025-12-16 16:54:00,False
2025-12-16 03:00:00,10.9,82,0.0,9.3,93,0.0,paris,2025-12-16,2025-12-16 08:38:00,2025-12-16 16:54:00,False
2025-12-16 04:00:00,10.7,84,0.0,10.9,74,0.0,paris,2025-12-16,2025-12-16 08:38:00,2025-12-16 16:54:00,False
2025-12-16 05:00:00,10.7,84,0.0,11.2,85,0.0,paris,2025-12-16,2025-12-16 08:38:00,2025-12-16 16:54:00,False
2025-12-16 06:00:00,10.5,83,0.0,9.7,94,0.0,paris,2025-12-16,2025-12-16 08:38:00,2025-12-16 16:54:00,False
2025-12-16 07:00:00,10.2,84,0.0,8.3,100,0.0,paris,2025-12-16,2025-12-16 08:38:00,2025-12-16 16:54:00,False
2025-12-16 08:00:00,10.1,84,0.0,9.2,100,0.0,paris,2025-12-16,2025-12-16 08:38:00,2025-12-16 16:54:00,False
2025-12-16 09:00:00,9.8,85,0.0,9.7,100,0.0,paris,2025-12-16,2025-12-16 08:38:00,2025-12-16 16:54:00,True
2025-12-16 10:00:00,9.9,85,0.0,7.9,94,0.0,paris,2025-12-16,2025-12-16 08:38:00,2025-12-16 16:54:00,True
2025-12-16 11:00:00,10.5,82,0.0,6.4,100,0.0,paris,2025-12-16,2025-12-16 08:38:00,2025-12-16 16:54:00,True
2025-12-16 12:00:00,11.4,78,0.0,6.2,25,0.0,paris,2025-12-16,2025-12-16 08:38:00,2025-12-16 16:54:00,True
2025-12-16 13:00:00,12.4,76,0.0,7.1,47,0.0,paris,2025-12-16,2025-12-16 08:38:00,2025-12-16 16:54:00,True
2025-12-16 14:00:00,13.2,74,0.0,5.2,22,0.0,paris,2025-12-16,2025-12-16 08:38:00,2025-12-16 16:54:00,True
2025-12-16 15:00:00,13.6,72,0.0,4.9,56,0.0,paris,2025-12-16,2025-12-16 08:38:00,2025-12-16 16:54:00,True
2025-12-16 16:00:00,13.6,73,0.0,3.6,75,0.0,paris,2025-12-16,2025-12-16 08:38:00,2025-12-16 16:54:00,True
2025-12-16 17:00:00,13.0,76,0.0,3.3,57,0.0,paris,2025-12-16,2025-12-16 08:38:00,2025-12-16 16:54:00,False
2025-12-16 18:00:00,12.5,80,0.0,3.4,77,0.0,paris,2025-12-16,2025-12-16 08:38:00,2025-12-16 16:54:00,False
2025-12-16 19:00:00,12.3,81,0.0,2.5,53,0.0,paris,2025-12-16,2025-12-16 08:38:00,2025-12-16 16:54:00,False
2025-12-16 20:00:00,11.8,84,0.0,2.3,48,0.0,paris,2025-12-16,2025-12-16 08:38:00,2025-12-16 16:54:00,False
2025-12-16 21:00:00,10.9,87,0.0,2.5,60,0.0,paris,2025-12-16,2025-12-16 08:38:00,2025-12-16 16:54:00,False
2025-12-16 22:00:00,10.3,88,0.0,1.8,80,0.0,paris,2025-12-16,2025-12-16 08:38:00,2025-12-16 16:54:00,False
2025-12-16 23:00:00,10.1,89,0.0,1.9,92,0.0,paris,2025-12-16,2025-12-16 08:38:00,2025-12-16 16:54:00,False
2025-12-17 00:00:00,10.0,89,0.0,1.5,90,0.0,paris,2025-12-17,2025-12-17 08:38:00,2025-12-17 16:54:00,False
2025-12-17 01:00:00,10.3,88,0.0,3.2,100,0.0,paris,2025-12-17,2025-12-17 08:38:00,2025-12-17 16:54:00,False
2025-12-17 02:00:00,10.6,89,0.0,4.8,100,0.0,paris,2025-12-17,2025-12-17 08:38:00,2025-12-17 16:54:00,False
2025-12-17 03:00:00,10.6,87,0.0,4.6,100,0.0,paris,2025-12-17,2025-12-17 08:38:00,2025-12-17 16:54:00,False
2025-12-17 04:00:00,10.4,85,0.0,4.1,96,0.0,paris,2025-12-17,2025-12-17 08:38:00,2025-12-17 16:54:00,False
2025-12-17 05:00:00,10.2,86,0.0,4.7,100,0.0,paris,2025-12-17,2025-12-17 08:38:00,2025-12-17 16:54:00,False
2025-12-17 06:00:00,9.9,87,0.0,4.7,97,0.0,paris,2025-12-17,2025-12-17 08:38:00,2025-12-17 16:54:00,False
2025-12-17 07:00:00,9.8,87,0.0,3.2,100,0.0,paris,2025-12-17,2025-12-17 08:38:00,2025-12-17 16:54:00,False
2025-12-17 08:00:00,9.8,86,0.0,1.8,97,0.0,paris,2025-12-17,2025-12-17 08:38:00,2025-12-17 16:54:00,False
2025-12-17 09:00:00,9.8,86,0.0,3.5,100,0.0,paris,2025-12-17,2025-12-17 08:38:00,2025-12-17 16:54:00,True
2025-12-17 10:00:00,10.1,83,0.0,3.3,100,0.0,paris,2025-12-17,2025-12-17 08:38:00,2025-12-17 16:54:00,True
2025-12-17 11:00:00,9.6,84,0.0,4.1,97,0.0,paris,2025-12-17,2025-12-17 08:38:00,2025-12-17 16:54:00,True
2025-12-17 12:00:00,9.4,81,0.0,6.0,100,0.0,paris,2025-12-17,2025-12-17 08:38:00,2025-12-17 16:54:00,True
2025-12-17 13:00:00,9.4,74,0.0,7.6,98,0.0,paris,2025-12-17,2025-12-17 08:38:00,2025-12-17 16:54:00,True
2025-12-17 14:00:00,8.9,71,0.0,8.2,96,0.0,paris,2025-12-17,2025-12-17 08:38:00,2025-12-17 16:54:00,True
2025-12-17 15:00:00,9.0,70,0.0,7.4,100,0.0,paris,2025-12-17,2025-12-17 08:38:00,2025-12-17 16:54:00,True
2025-12-17 16:00:00,8.7,79,0.0,8.0,100,0.0,paris,2025-12-17,2025-12-17 08:38:00,2025-12-17 16:54:00,True
2025-12-17 17:00:00,8.3,80,0.0,7.9,100,0.0,paris,2025-12-17,2025-12-17 08:38:00,2025-12-17 16:54:00,False
2025-12-17 18:00:00,7.8,86,0.0,7.2,100,0.0,paris,2025-12-17,2025-12-17 08:38:00,2025-12-17 16:54:00,False
2025-12-17 19:00:00,7.6,89,0.0,7.2,100,0.0,paris,2025-12-17,2025-12-17 08:38:00,2025-12-17 16:54:00,False
2025-12-17 20:00:00,7.5,90,0.0,8.3,100,0.0,paris,2025-12-17,2025-12-17 08:38:00,2025-12-17 16:54:00,False
2025-12-17 21:00:00,7.6,91,0.0,9.4,91,0.0,paris,2025-12-17,2025-12-17 08:38:00,2025-12-17 16:54:00,False
2025-12-17 22:00:00,7.6,92,0.0,8.3,93,0.0,paris,2025-12-17,2025-12-17 08:38:00,2025-12-17 16:54:00,False
2025-12-17 23:00:00,7.7,93,0.0,9.4,94,0.0,paris,2025-12-17,2025-12-17 08:38:00,2025-12-17 16:54:00,False
2025-12-18 00:00:00,8.1,94,0.0,9.7,94,0.0,paris,2025-12-18,2025-12-18 08:39:00,2025-12-18 16:54:00,False
2025-12-18 01:00:00,8.5,93,0.0,11.5,100,0.0,paris,2025-12-18,2025-12-18 08:39:00,2025-12-18 16:54:00,False
2025-12-18 02:00:00,8.6,93,0.0,12.2,100,0.0,paris,2025-12-18,2025-12-18 08:39:00,2025-12-18 16:54:00,False
2025-12-18 03:00:00,8.7,84,0.0,13.8,100,0.0,paris,2025-12-18,2025-12-18 08:39:00,2025-12-18 16:54:00,False
2025-12-18 04:00:00,8.5,88,0.0,13.0,100,0.0,paris,2025-12-18,2025-12-18 08:39:00,2025-12-18 16:54:00,False
2025-12-18 05:00:00,8.6,92,0.0,12.6,100,0.0,paris,2025-12-18,2025-12-18 08:39:00,2025-12-18 16:54:00,False
2025-12-18 06:00:00,9.1,93,0.0,14.1,100,0.0,paris,2025-12-18,2025-12-18 08:39:00,2025-12-18 16:54:00,False
2025-12-18 07:00:00,9.3,91,0.0,14.0,97,0.0,paris,2025-12-18,2025-12-18 08:39:00,2025-12-18 16:54:00,False
2025-12-18 08:00:00,9.4,88,0.0,15.5,99,0.0,paris,2025-12-18,2025-12-18 08:39:00,2025-12-18 16:54:00,False
2025-12-18 09:00:00,9.6,87,0.0,14.8,97,0.0,paris,2025-12-18,2025-12-18 08:39:00,2025-12-18 16:54:00,True
2025-12-18 10:00:00,9.9,85,0.0,15.5,93,0.0,paris,2025-12-18,2025-12-18 08:39:00,2025-12-18 16:54:00,True
2025-12-18 11:00:00,10.5,81,0.0,16.6,98,0.0,paris,2025-12-18,2025-12-18 08:39:00,2025-12-18 16:54:00,True
2025-12-18 12:00:00,11.0,79,0.0,16.4,98,0.0,paris,2025-12-18,2025-12-18 08:39:00,2025-12-18 16:54:00,True
2025-12-18 13:00:00,11.6,76,0.0,16.0,94,0.0,paris,2025-12-18,2025-12-18 08:39:00,2025-12-18 16:54:00,True
2025-12-18 14:00:00,12.3,73,0.0,15.6,98,0.0,paris,2025-12-18,2025-12-18 08:39:00,2025-12-18 16:54:00,True
2025-12-18 15:00:00,13.0,69,0.0,16.5,96,0.0,paris,2025-12-18,2025-12-18 08:39:00,2025-12-18 16:54:00,True
2025-12-18 16:00:00,13.1,67,0.0,16.3,100,0.0,paris,2025-12-18,2025-12-18 08:39:00,2025-12-18 16:54:00,True
2025-12-18 17:00:00,12.7,70,0.0,14.8,100,0.0,paris,2025-12-18,2025-12-18 08:39:00,2025-12-18 16:54:00,False
2025-12-18 18:00:00,12.5,72,0.0,14.8,100,0.0,paris,2025-12-18,2025-12-18 08:39:00,2025-12-18 16:54:00,False
2025-12-18 19:00:00,12.4,74,0.0,14.4,100,0.0,paris,2025-12-18,2025-12-18 08:39:00,2025-12-18 16:54:00,False
2025-12-18 20:00:00,12.2,77,0.0,14.4,100,0.0,paris,2025-12-18,2025-12-18 08:39:00,2025-12-18 16:54:00,False
2025-12-18 21:00:00,12.1,79,0.0,14.8,100,0.0,paris,2025-12-18,2025-12-18 08:39:00,2025-12-18 16:54:00,False
2025-12-18 22:00:00,12.0,82,0.0,14.9,100,0.0,paris,2025-12-18,2025-12-18 08:39:00,2025-12-18 16:54:00,False
2025-12-18 23:00:00,11.8,84,0.3,14.5,100,0.0,paris,2025-12-18,2025-12-18 08:39:00,2025-12-18 16:54:00,False
2025-12-19 00:00:00,11.6,86,0.3,13.8,100,0.0,paris,2025-12-19,2025-12-19 08:40:00,2025-12-19 16:55:00,False
2025-12-19 01:00:00,11.5,88,0.3,13.0,100,0.0,paris,2025-12-19,2025-12-19 08:40:00,2025-12-19 16:55:00,False
2025-12-19 02:00:00,11.4,89,0.2,12.7,100,0.0,paris,2025-12-19,2025-12-19 08:40:00,2025-12-19 16:55:00,False
2025-12-19 03:00:00,11.3,90,0.2,12.8,100,0.0,paris,2025-12-19,2025-12-19 08:40:00,2025-12-19 16:55:00,False
2025-12-19 04:00:00,11.2,91,0.2,12.5,100,0.0,paris,2025-12-19,2025-12-19 08:40:00,2025-12-19 16:55:00,False
2025-12-19 05:00:00,11.1,91,0.2,12.2,100,0.0,paris,2025-12-19,2025-12-19 08:40:00,2025-12-19 16:55:00,False
2025-12-19 06:00:00,11.1,92,0.2,11.3,100,0.0,paris,2025-12-19,2025-12-19 08:40:00,2025-12-19 16:55:00,False
2025-12-19 07:00:00,11.0,92,0.2,10.2,100,0.0,paris,2025-12-19,2025-12-19 08:40:00,2025-12-19 16:55:00,False
2025-12-19 08:00:00,10.9,93,0.4,8.1,100,0.0,paris,2025-12-19,2025-12-19 08:40:00,2025-12-19 16:55:00,False
2025-12-19 09:00:00,10.8,95,0.4,5.6,100,0.0,paris,2025-12-19,2025-12-19 08:40:00,2025-12-19 16:55:00,True
2025-12-19 10:00:00,10.8,95,0.4,3.6,100,0.0,paris,2025-12-19,2025-12-19 08:40:00,2025-12-19 16:55:00,True
2025-12-19 11:00:00,11.0,94,0.1,3.3,100,0.0,paris,2025-12-19,2025-12-19 08:40:00,2025-12-19 16:55:00,True
2025-12-19 12:00:00,11.3,92,0.1,4.5,100,0.0,paris,2025-12-19,2025-12-19 08:40:00,2025-12-19 16:55:00,True
2025-12-19 13:00:00,11.5,90,0.1,5.6,100,0.0,paris,2025-12-19,2025-12-19 08:40:00,2025-12-19 16:55:00,True
2025-12-19 14:00:00,11.5,89,0.0,5.7,100,0.0,paris,2025-12-19,2025-12-19 08:40:00,2025-12-19 16:55:00,True
2025-12-19 15:00:00,11.4,88,0.0,4.8,100,0.0,paris,2025-12-19,2025-12-19 08:40:00,2025-12-19 16:55:00,True
2025-12-19 16:00:00,11.2,87,0.0,4.1,100,0.0,paris,2025-12-19,2025-12-19 08:40:00,2025-12-19 16:55:00,True
2025-12-19 17:00:00,10.8,87,0.0,3.4,100,0.0,paris,2025-12-19,2025-12-19 08:40:00,2025-12-19 16:55:00,False
2025-12-19 18:00:00,10.4,88,0.0,2.6,99,0.0,paris,2025-12-19,2025-12-19 08:40:00,2025-12-19 16:55:00,False
2025-12-19 19:00:00,10.0,89,0.0,2.1,99,0.0,paris,2025-12-19,2025-12-19 08:40:00,2025-12-19 16:55:00,False
2025-12-19 20:00:00,9.7,90,0.1,2.1,99,0.0,paris,2025-12-19,2025-12-19 08:40:00,2025-12-19 16:55:00,False
2025-12-19 21:00:00,9.4,90,0.1,2.1,100,0.0,paris,2025-12-19,2025-12-19 08:40:00,2025-12-19 16:55:00,False
2025-12-19 22:00:00,9.1,91,0.1,2.3,100,0.0,paris,2025-12-19,2025-12-19 08:40:00,2025-12-19 16:55:00,False
2025-12-19 23:00:00,8.9,92,0.1,2.5,100,0.0,paris,2025-12-19,2025-12-19 08:40:00,2025-12-19 16:55:00,False
2025-12-20 00:00:00,8.6,93,0.1,2.5,100,0.0,paris,2025-12-20,2025-12-20 08:40:00,2025-12-20 16:55:00,False
2025-12-20 01:00:00,8.4,94,0.1,2.6,100,0.0,paris,2025-12-20,2025-12-20 08:40:00,2025-12-20 16:55:00,False
2025-12-20 02:00:00,8.2,94,0.1,2.6,100,0.0,paris,2025-12-20,2025-12-20 08:40:00,2025-12-20 16:55:00,False
2025-12-20 03:00:00,8.1,93,0.1,2.5,100,0.0,paris,2025-12-20,2025-12-20 08:40:00,2025-12-20 16:55:00,False
2025-12-20 04:00:00,7.9,93,0.1,3.1,100,0.0,paris,2025-12-20,2025-12-20 08:40:00,2025-12-20 16:55:00,False
2025-12-20 05:00:00,7.7,93,0.0,3.5,86,0.0,paris,2025-12-20,2025-12-20 08:40:00,2025-12-20 16:55:00,False
2025-12-20 06:00:00,7.3,94,0.0,4.0,72,0.0,paris,2025-12-20,2025-12-20 08:40:00,2025-12-20 16:55:00,False
2025-12-20 07:00:00,7.0,94,0.0,4.5,58,0.0,paris,2025-12-20,2025-12-20 08:40:00,2025-12-20 16:55:00,False
2025-12-20 08:00:00,6.7,93,0.0,5.2,60,0.0,paris,2025-12-20,2025-12-20 08:40:00,2025-12-20 16:55:00,False
2025-12-20 09:00:00,6.3,92,0.0,6.2,62,0.0,paris,2025-12-20,2025-12-20 08:40:00,2025-12-20 16:55:00,True
2025-12-20 10:00:00,6.1,90,0.0,7.4,64,0.0,paris,2025-12-20,2025-12-20 08:40:00,2025-12-20 16:55:00,True
2025-12-20 11:00:00,6.1,90,0.0,9.4,74,0.0,paris,2025-12-20,2025-12-20 08:40:00,2025-12-20 16:55:00,True
2025-12-20 12:00:00,6.6,86,0.0,12.3,80,0.0,paris,2025-12-20,2025-12-20 08:40:00,2025-12-20 16:55:00,True
2025-12-20 13:00:00,7.3,83,0.0,15.2,81,0.0,paris,2025-12-20,2025-12-20 08:40:00,2025-12-20 16:55:00,True
2025-12-20 14:00:00,7.9,78,0.0,15.7,86,0.0,paris,2025-12-20,2025-12-20 08:40:00,2025-12-20 16:55:00,True
2025-12-20 15:00:00,8.2,75,0.0,14.2,93,0.0,paris,2025-12-20,2025-12-20 08:40:00,2025-12-20 16:55:00,True
2025-12-20 16:00:00,8.4,74,0.0,13.0,100,0.0,paris,2025-12-20,2025-12-20 08:40:00,2025-12-20 16:55:00,True
2025-12-20 17:00:00,8.2,77,0.0,12.8,100,0.0,paris,2025-12-20,2025-12-20 08:40:00,2025-12-20 16:55:00,False
2025-12-20 18:00:00,7.8,83,0.0,13.9,100,0.0,paris,2025-12-20,2025-12-20 08:40:00,2025-12-20 16:55:00,False
2025-12-20 19:00:00,7.5,88,0.0,14.5,100,0.0,paris,2025-12-20,2025-12-20 08:40:00,2025-12-20 16:55:00,False
2025-12-20 20:00:00,7.5,90,0.2,14.4,100,0.0,paris,2025-12-20,2025-12-20 08:40:00,2025-12-20 16:55:00,False
2025-12-20 21:00:00,7.6,91,0.2,14.0,100,0.0,paris,2025-12-20,2025-12-20 08:40:00,2025-12-20 16:55:00,False
2025-12-20 22:00:00,7.6,91,0.2,13.3,100,0.0,paris,2025-12-20,2025-12-20 08:40:00,2025-12-20 16:55:00,False
2025-12-20 23:00:00,7.6,90,0.0,11.2,100,0.0,paris,2025-12-20,2025-12-20 08:40:00,2025-12-20 16:55:00,False
2025-12-21 00:00:00,7.6,89,0.0,8.8,100,0.0,paris,2025-12-21,2025-12-21 08:41:00,2025-12-21 16:56:00,False
2025-12-21 01:00:00,7.4,89,0.0,7.1,100,0.0,paris,2025-12-21,2025-12-21 08:41:00,2025-12-21 16:56:00,False
2025-12-21 02:00:00,7.2,90,0.0,6.3,100,0.0,paris,2025-12-21,2025-12-21 08:41:00,2025-12-21 16:56:00,False
2025-12-21 03:00:00,6.9,93,0.0,5.7,100,0.0,paris,2025-12-21,2025-12-21 08:41:00,2025-12-21 16:56:00,False
2025-12-21 04:00:00,6.5,94,0.0,5.4,100,0.0,paris,2025-12-21,2025-12-21 08:41:00,2025-12-21 16:56:00,False
2025-12-21 05:00:00,6.1,94,0.0,5.0,99,0.0,paris,2025-12-21,2025-12-21 08:41:00,2025-12-21 16:56:00,False
2025-12-21 06:00:00,5.7,93,0.0,5.2,97,0.0,paris,2025-12-21,2025-12-21 08:41:00,2025-12-21 16:56:00,False
2025-12-21 07:00:00,5.4,92,0.0,5.0,96,0.0,paris,2025-12-21,2025-12-21 08:41:00,2025-12-21 16:56:00,False
2025-12-21 08:00:00,5.3,92,0.0,4.9,97,0.0,paris,2025-12-21,2025-12-21 08:41:00,2025-12-21 16:56:00,False
2025-12-21 09:00:00,5.3,92,0.0,4.6,99,0.0,paris,2025-12-21,2025-12-21 08:41:00,2025-12-21 16:56:00,True
2025-12-21 10:00:00,5.5,91,0.0,5.7,100,0.0,paris,2025-12-21,2025-12-21 08:41:00,2025-12-21 16:56:00,True
2025-12-21 11:00:00,6.1,89,0.0,8.1,100,0.0,paris,2025-12-21,2025-12-21 08:41:00,2025-12-21 16:56:00,True
2025-12-21 12:00:00,6.9,86,0.0,11.6,100,0.0,paris,2025-12-21,2025-12-21 08:41:00,2025-12-21 16:56:00,True
2025-12-21 13:00:00,7.4,84,0.0,13.7,100,0.0,paris,2025-12-21,2025-12-21 08:41:00,2025-12-21 16:56:00,True
2025-12-21 14:00:00,7.5,84,0.2,13.3,97,0.0,paris,2025-12-21,2025-12-21 08:41:00,2025-12-21 16:56:00,True
2025-12-21 15:00:00,7.3,85,0.2,11.8,93,0.0,paris,2025-12-21,2025-12-21 08:41:00,2025-12-21 16:56:00,True
2025-12-21 16:00:00,7.2,87,0.2,10.6,90,0.0,paris,2025-12-21,2025-12-21 08:41:00,2025-12-21 16:56:00,True
2025-12-21 17:00:00,7.1,89,0.0,10.0,93,0.0,paris,2025-12-21,2025-12-21 08:41:00,2025-12-21 16:56:00,False
2025-12-21 18:00:00,7.0,90,0.0,9.2,97,0.0,paris,2025-12-21,2025-12-21 08:41:00,2025-12-21 16:56:00,False
2025-12-21 19:00:00,6.8,92,0.0,8.0,100,0.0,paris,2025-12-21,2025-12-21 08:41:00,2025-12-21 16:56:00,False
2025-12-21 20:00:00,6.7,93,0.0,6.8,100,0.0,paris,2025-12-21,2025-12-21 08:41:00,2025-12-21 16:56:00,False
2025-12-21 21:00:00,6.5,93,0.0,5.3,100,0.0,paris,2025-12-21,2025-12-21 08:41:00,2025-12-21 16:56:00,False
2025-12-21 22:00:00,6.3,94,0.0,4.3,100,0.0,paris,2025-12-21,2025-12-21 08:41:00,2025-12-21 16:56:00,False
2025-12-21 23:00:00,6.1,95,0.0,4.1,100,0.0,paris,2025-12-21,2025-12-21 08:41:00,2025-12-21 16:56:00,False
2025-12-16 00:00:00,2.8,57,0.0,4.3,0,0.0,hakone_ropeway,2025-12-16,2025-12-16 06:45:00,2025-12-16 16:33:00,False
2025-12-16 01:00:00,2.4,58,0.0,3.7,0,0.0,hakone_ropeway,2025-12-16,2025-12-16 06:45:00,2025-12-16 16:33:00,False
2025-12-16 02:00:00,1.2,66,0.0,5.4,0,0.0,hakone_ropeway,2025-12-16,2025-12-16 06:45:00,2025-12-16 16:33:00,False
2025-12-16 03:00:00,0.7,73,0.0,6.4,2,0.0,hakone_ropeway,2025-12-16,2025-12-16 06:45:00,2025-12-16 16:33:00,False
2025-12-16 04:00:00,0.4,79,0.0,7.8,2,0.0,hakone_ropeway,2025-12-16,2025-12-16 06:45:00,2025-12-16 16:33:00,False
2025-12-16 05:00:00,0.9,83,0.0,6.5,1,0.0,hakone_ropeway,2025-12-16,2025-12-16 06:45:00,2025-12-16 16:33:00,False
2025-12-16 06:00:00,1.6,82,0.0,6.1,2,0.0,hakone_ropeway,2025-12-16,2025-12-16 06:45:00,2025-12-16 16:33:00,False
2025-12-16 07:00:00,1.6,83,0.0,5.8,2,0.0,hakone_ropeway,2025-12-16,2025-12-16 06:45:00,2025-12-16 16:33:00,True
2025-12-16 08:00:00,2.8,80,0.0,4.8,3,0.0,hakone_ropeway,2025-12-16,2025-12-16 06:45:00,2025-12-16 16:33:00,True
2025-12-16 09:00:00,4.2,74,0.0,6.3,4,0.0,hakone_ropeway,2025-12-16,2025-12-16 06:45:00,2025-12-16 16:33:00,True
2025-12-16 10:00:00,5.3,71,0.0,8.4,6,0.0,hakone_ropeway,2025-12-16,2025-12-16 06:45:00,2025-12-16 16:33:00,True
2025-12-16 11:00:00,6.0,68,0.0,9.8,2,0.0,hakone_ropeway,2025-12-16,2025-12-16 06:45:00,2025-12-16 16:33:00,True
2025-12-16 12:00:00,6.5,67,0.0,10.2,1,0.0,hakone_ropeway,2025-12-16,2025-12-16 06:45:00,2025-12-16 16:33:00,True
2025-12-16 13:00:00,6.8,66,0.0,10.5,0,0.0,hakone_ropeway,2025-12-16,2025-12-16 06:45:00,2025-12-16 16:33:00,True
2025-12-16 14:00:00,6.7,68,0.0,10.4,0,0.0,hakone_ropeway,2025-12-16,2025-12-16 06:45:00,2025-12-16 16:33:00,True
2025-12-16 15:00:00,6.3,68,0.0,9.3,0,0.0,hakone_ropeway,2025-12-16,2025-12-16 06:45:00,2025-12-16 16:33:00,True
2025-12-16 16:00:00,5.5,68,0.0,8.2,0,0.0,hakone_ropeway,2025-12-16,2025-12-16 06:45:00,2025-12-16 16:33:00,True
2025-12-16 17:00:00,5.2,76,0.0,8.2,1,0.0,hakone_ropeway,2025-12-16,2025-12-16 06:45:00,2025-12-16 16:33:00,False
2025-12-16 18:00:00,5.7,76,0.0,8.6,0,0.0,hakone_ropeway,2025-12-16,2025-12-16 06:45:00,2025-12-16 16:33:00,False
2025-12-16 19:00:00,5.5,73,0.0,7.1,0,0.0,hakone_ropeway,2025-12-16,2025-12-16 06:45:00,2025-12-16 16:33:00,False
2025-12-16 20:00:00,5.0,75,0.0,6.0,0,0.0,hakone_ropeway,2025-12-16,2025-12-16 06:45:00,2025-12-16 16:33:00,False
2025-12-16 21:00:00,4.7,77,0.0,6.2,0,0.0,hakone_ropeway,2025-12-16,2025-12-16 06:45:00,2025-12-16 16:33:00,False
2025-12-16 22:00:00,4.4,74,0.0,5.8,0,0.0,hakone_ropeway,2025-12-16,2025-12-16 06:45:00,2025-12-16 16:33:00,False
2025-12-16 23:00:00,4.3,72,0.0,5.8,0,0.0,hakone_ropeway,2025-12-16,2025-12-16 06:45:00,2025-12-16 16:33:00,False
2025-12-17 00:00:00,4.2,72,0.0,5.4,0,0.0,hakone_ropeway,2025-12-17,2025-12-17 06:46:00,2025-12-17 16:33:00,False
2025-12-17 01:00:00,4.3,70,0.0,5.1,0,0.0,hakone_ropeway,2025-12-17,2025-12-17 06:46:00,2025-12-17 16:33:00,False
2025-12-17 02:00:00,4.1,71,0.0,5.4,0,0.0,hakone_ropeway,2025-12-17,2025-12-17 06:46:00,2025-12-17 16:33:00,False
2025-12-17 03:00:00,4.0,71,0.0,5.8,0,0.0,hakone_ropeway,2025-12-17,2025-12-17 06:46:00,2025-12-17 16:33:00,False
2025-12-17 04:00:00,4.1,70,0.0,6.1,0,0.0,hakone_ropeway,2025-12-17,2025-12-17 06:46:00,2025-12-17 16:33:00,False
2025-12-17 05:00:00,4.2,68,0.0,6.7,0,0.0,hakone_ropeway,2025-12-17,2025-12-17 06:46:00,2025-12-17 16:33:00,False
2025-12-17 06:00:00,4.3,68,0.0,7.4,0,0.0,hakone_ropeway,2025-12-17,2025-12-17 06:46:00,2025-12-17 16:33:00,False
2025-12-17 07:00:00,4.6,66,0.0,8.1,0,0.0,hakone_ropeway,2025-12-17,2025-12-17 06:46:00,2025-12-17 16:33:00,True
2025-12-17 08:00:00,5.6,63,0.0,8.4,0,0.0,hakone_ropeway,2025-12-17,2025-12-17 06:46:00,2025-12-17 16:33:00,True
2025-12-17 09:00:00,6.5,60,0.0,9.6,1,0.0,hakone_ropeway,2025-12-17,2025-12-17 06:46:00,2025-12-17 16:33:00,True
2025-12-17 10:00:00,7.2,58,0.0,14.5,4,0.0,hakone_ropeway,2025-12-17,2025-12-17 06:46:00,2025-12-17 16:33:00,True
2025-12-17 11:00:00,7.8,61,0.0,15.6,7,0.0,hakone_ropeway,2025-12-17,2025-12-17 06:46:00,2025-12-17 16:33:00,True
2025-12-17 12:00:00,8.8,64,0.0,16.6,8,0.0,hakone_ropeway,2025-12-17,2025-12-17 06:46:00,2025-12-17 16:33:00,True
2025-12-17 13:00:00,9.1,63,0.0,16.6,10,0.0,hakone_ropeway,2025-12-17,2025-12-17 06:46:00,2025-12-17 16:33:00,True
2025-12-17 14:00:00,8.9,64,0.0,17.1,22,0.0,hakone_ropeway,2025-12-17,2025-12-17 06:46:00,2025-12-17 16:33:00,True
2025-12-17 15:00:00,8.8,66,0.0,16.4,23,0.0,hakone_ropeway,2025-12-17,2025-12-17 06:46:00,2025-12-17 16:33:00,True
2025-12-17 16:00:00,6.9,84,0.3,14.5,35,0.0,hakone_ropeway,2025-12-17,2025-12-17 06:46:00,2025-12-17 16:33:00,True
2025-12-17 17:00:00,6.2,88,0.5,14.3,36,0.0,hakone_ropeway,2025-12-17,2025-12-17 06:46:00,2025-12-17 16:33:00,False
2025-12-17 18:00:00,6.1,87,0.4,14.0,15,0.0,hakone_ropeway,2025-12-17,2025-12-17 06:46:00,2025-12-17 16:33:00,False
2025-12-17 19:00:00,6.4,82,0.0,10.5,26,0.0,hakone_ropeway,2025-12-17,2025-12-17 06:46:00,2025-12-17 16:33:00,False
2025-12-17 20:00:00,7.2,76,0.0,9.5,51,0.0,hakone_ropeway,2025-12-17,2025-12-17 06:46:00,2025-12-17 16:33:00,False
2025-12-17 21:00:00,7.6,74,0.0,7.2,45,0.0,hakone_ropeway,2025-12-17,2025-12-17 06:46:00,2025-12-17 16:33:00,False
2025-12-17 22:00:00,6.8,80,0.0,4.8,49,0.0,hakone_ropeway,2025-12-17,2025-12-17 06:46:00,2025-12-17 16:33:00,False
2025-12-17 23:00:00,6.6,82,0.0,5.2,85,0.0,hakone_ropeway,2025-12-17,2025-12-17 06:46:00,2025-12-17 16:33:00,False
2025-12-18 00:00:00,5.9,85,0.0,4.3,34,0.0,hakone_ropeway,2025-12-18,2025-12-18 06:46:00,2025-12-18 16:33:00,False
2025-12-18 01:00:00,5.1,82,0.0,5.4,21,0.0,hakone_ropeway,2025-12-18,2025-12-18 06:46:00,2025-12-18 16:33:00,False
2025-12-18 02:00:00,5.0,78,0.0,5.9,9,0.0,hakone_ropeway,2025-12-18,2025-12-18 06:46:00,2025-12-18 16:33:00,False
2025-12-18 03:00:00,4.4,79,0.0,6.0,6,0.0,hakone_ropeway,2025-12-18,2025-12-18 06:46:00,2025-12-18 16:33:00,False
2025-12-18 04:00:00,4.1,79,0.0,6.5,4,0.0,hakone_ropeway,2025-12-18,2025-12-18 06:46:00,2025-12-18 16:33:00,False
2025-12-18 05:00:00,3.8,78,0.0,6.2,2,0.0,hakone_ropeway,2025-12-18,2025-12-18 06:46:00,2025-12-18 16:33:00,False
2025-12-18 06:00:00,3.7,78,0.0,5.8,0,0.0,hakone_ropeway,2025-12-18,2025-12-18 06:46:00,2025-12-18 16:33:00,False
2025-12-18 07:00:00,3.5,77,0.0,5.1,0,0.0,hakone_ropeway,2025-12-18,2025-12-18 06:46:00,2025-12-18 16:33:00,True
2025-12-18 08:00:00,4.3,72,0.0,3.3,0,0.0,hakone_ropeway,2025-12-18,2025-12-18 06:46:00,2025-12-18 16:33:00,True
2025-12-18 09:00:00,6.0,60,0.0,1.8,1,0.0,hakone_ropeway,2025-12-18,2025-12-18 06:46:00,2025-12-18 16:33:00,True
2025-12-18 10:00:00,7.2,57,0.0,1.5,3,0.0,hakone_ropeway,2025-12-18,2025-12-18 06:46:00,2025-12-18 16:33:00,True
2025-12-18 11:00:00,7.8,61,0.0,3.5,6,0.0,hakone_ropeway,2025-12-18,2025-12-18 06:46:00,2025-12-18 16:33:00,True
2025-12-18 12:00:00,8.1,62,0.0,4.7,8,0.0,hakone_ropeway,2025-12-18,2025-12-18 06:46:00,2025-12-18 16:33:00,True
2025-12-18 13:00:00,7.8,62,0.0,5.7,16,0.0,hakone_ropeway,2025-12-18,2025-12-18 06:46:00,2025-12-18 16:33:00,True
2025-12-18 14:00:00,7.3,64,0.0,6.5,30,0.0,hakone_ropeway,2025-12-18,2025-12-18 06:46:00,2025-12-18 16:33:00,True
2025-12-18 15:00:00,6.3,69,0.0,6.9,50,0.0,hakone_ropeway,2025-12-18,2025-12-18 06:46:00,2025-12-18 16:33:00,True
2025-12-18 16:00:00,5.1,74,0.0,6.4,75,0.0,hakone_ropeway,2025-12-18,2025-12-18 06:46:00,2025-12-18 16:33:00,True
2025-12-18 17:00:00,4.0,79,0.0,5.1,81,0.0,hakone_ropeway,2025-12-18,2025-12-18 06:46:00,2025-12-18 16:33:00,False
2025-12-18 18:00:00,3.3,83,0.0,4.3,89,0.0,hakone_ropeway,2025-12-18,2025-12-18 06:46:00,2025-12-18 16:33:00,False
2025-12-18 19:00:00,2.9,84,0.0,4.2,96,0.0,hakone_ropeway,2025-12-18,2025-12-18 06:46:00,2025-12-18 16:33:00,False
2025-12-18 20:00:00,2.6,84,0.0,4.0,99,0.0,hakone_ropeway,2025-12-18,2025-12-18 06:46:00,2025-12-18 16:33:00,False
2025-12-18 21:00:00,2.5,84,0.0,3.6,94,0.0,hakone_ropeway,2025-12-18,2025-12-18 06:46:00,2025-12-18 16:33:00,False
2025-12-18 22:00:00,2.3,85,0.0,4.1,85,0.0,hakone_ropeway,2025-12-18,2025-12-18 06:46:00,2025-12-18 16:33:00,False
2025-12-18 23:00:00,2.1,87,0.0,4.3,75,0.0,hakone_ropeway,2025-12-18,2025-12-18 06:46:00,2025-12-18 16:33:00,False
2025-12-19 00:00:00,1.8,89,0.0,4.6,66,0.0,hakone_ropeway,2025-12-19,2025-12-19 06:47:00,2025-12-19 16:34:00,False
2025-12-19 01:00:00,1.4,91,0.0,4.6,59,0.0,hakone_ropeway,2025-12-19,2025-12-19 06:47:00,2025-12-19 16:34:00,False
2025-12-19 02:00:00,0.9,93,0.0,4.9,52,0.0,hakone_ropeway,2025-12-19,2025-12-19 06:47:00,2025-12-19 16:34:00,False
2025-12-19 03:00:00,0.5,94,0.0,4.9,45,0.0,hakone_ropeway,2025-12-19,2025-12-19 06:47:00,2025-12-19 16:34:00,False
2025-12-19 04:00:00,0.1,94,0.0,5.5,47,0.0,hakone_ropeway,2025-12-19,2025-12-19 06:47:00,2025-12-19 16:34:00,False
2025-12-19 05:00:00,-0.2,93,0.0,5.8,48,0.0,hakone_ropeway,2025-12-19,2025-12-19 06:47:00,2025-12-19 16:34:00,False
2025-12-19 06:00:00,0.1,92,0.0,5.6,50,0.0,hakone_ropeway,2025-12-19,2025-12-19 06:47:00,2025-12-19 16:34:00,False
2025-12-19 07:00:00,1.2,90,0.0,4.2,52,0.0,hakone_ropeway,2025-12-19,2025-12-19 06:47:00,2025-12-19 16:34:00,True
2025-12-19 08:00:00,2.8,88,0.0,2.3,54,0.0,hakone_ropeway,2025-12-19,2025-12-19 06:47:00,2025-12-19 16:34:00,True
2025-12-19 09:00:00,4.4,86,0.0,1.3,56,0.0,hakone_ropeway,2025-12-19,2025-12-19 06:47:00,2025-12-19 16:34:00,True
2025-12-19 10:00:00,5.7,82,0.0,3.6,56,0.0,hakone_ropeway,2025-12-19,2025-12-19 06:47:00,2025-12-19 16:34:00,True
2025-12-19 11:00:00,6.9,79,0.0,6.6,57,0.0,hakone_ropeway,2025-12-19,2025-12-19 06:47:00,2025-12-19 16:34:00,True
2025-12-19 12:00:00,7.7,76,0.0,8.5,57,0.0,hakone_ropeway,2025-12-19,2025-12-19 06:47:00,2025-12-19 16:34:00,True
2025-12-19 13:00:00,8.0,76,0.0,8.9,53,0.0,hakone_ropeway,2025-12-19,2025-12-19 06:47:00,2025-12-19 16:34:00,True
2025-12-19 14:00:00,8.0,77,0.0,8.2,49,0.0,hakone_ropeway,2025-12-19,2025-12-19 06:47:00,2025-12-19 16:34:00,True
2025-12-19 15:00:00,7.7,79,0.0,6.7,45,0.0,hakone_ropeway,2025-12-19,2025-12-19 06:47:00,2025-12-19 16:34:00,True
2025-12-19 16:00:00,6.8,83,0.0,4.3,63,0.0,hakone_ropeway,2025-12-19,2025-12-19 06:47:00,2025-12-19 16:34:00,True
2025-12-19 17:00:00,5.7,89,0.0,3.1,82,0.0,hakone_ropeway,2025-12-19,2025-12-19 06:47:00,2025-12-19 16:34:00,False
2025-12-19 18:00:00,4.8,93,0.0,4.0,100,0.0,hakone_ropeway,2025-12-19,2025-12-19 06:47:00,2025-12-19 16:34:00,False
2025-12-19 19:00:00,4.3,94,0.0,4.0,100,0.0,hakone_ropeway,2025-12-19,2025-12-19 06:47:00,2025-12-19 16:34:00,False
2025-12-19 20:00:00,4.1,93,0.0,3.8,100,0.0,hakone_ropeway,2025-12-19,2025-12-19 06:47:00,2025-12-19 16:34:00,False
2025-12-19 21:00:00,3.9,92,0.0,3.9,100,0.0,hakone_ropeway,2025-12-19,2025-12-19 06:47:00,2025-12-19 16:34:00,False
2025-12-19 22:00:00,3.6,93,0.0,4.2,100,0.0,hakone_ropeway,2025-12-19,2025-12-19 06:47:00,2025-12-19 16:34:00,False
2025-12-19 23:00:00,3.4,93,0.0,4.6,100,0.0,hakone_ropeway,2025-12-19,2025-12-19 06:47:00,2025-12-19 16:34:00,False
2025-12-20 00:00:00,3.3,94,0.0,4.6,100,0.0,hakone_ropeway,2025-12-20,2025-12-20 06:48:00,2025-12-20 16:34:00,False
2025-12-20 01:00:00,3.3,94,0.0,4.8,100,0.0,hakone_ropeway,2025-12-20,2025-12-20 06:48:00,2025-12-20 16:34:00,False
2025-12-20 02:00:00,3.4,93,0.0,4.8,100,0.0,hakone_ropeway,2025-12-20,2025-12-20 06:48:00,2025-12-20 16:34:00,False
2025-12-20 03:00:00,3.5,93,0.0,5.1,100,0.0,hakone_ropeway,2025-12-20,2025-12-20 06:48:00,2025-12-20 16:34:00,False
2025-12-20 04:00:00,3.6,93,0.0,5.1,100,0.0,hakone_ropeway,2025-12-20,2025-12-20 06:48:00,2025-12-20 16:34:00,False
2025-12-20 05:00:00,3.7,93,0.0,5.1,100,0.0,hakone_ropeway,2025-12-20,2025-12-20 06:48:00,2025-12-20 16:34:00,False
2025-12-20 06:00:00,4.0,93,0.0,5.0,100,0.0,hakone_ropeway,2025-12-20,2025-12-20 06:48:00,2025-12-20 16:34:00,False
2025-12-20 07:00:00,4.5,92,0.5,5.0,100,0.0,hakone_ropeway,2025-12-20,2025-12-20 06:48:00,2025-12-20 16:34:00,True
2025-12-20 08:00:00,5.2,91,0.5,5.0,100,0.0,hakone_ropeway,2025-12-20,2025-12-20 06:48:00,2025-12-20 16:34:00,True
2025-12-20 09:00:00,6.0,90,0.5,4.7,100,0.0,hakone_ropeway,2025-12-20,2025-12-20 06:48:00,2025-12-20 16:34:00,True
2025-12-20 10:00:00,6.9,89,0.4,3.3,100,0.0,hakone_ropeway,2025-12-20,2025-12-20 06:48:00,2025-12-20 16:34:00,True
2025-12-20 11:00:00,7.9,88,0.4,2.0,99,0.0,hakone_ropeway,2025-12-20,2025-12-20 06:48:00,2025-12-20 16:34:00,True
2025-12-20 12:00:00,8.6,88,0.4,1.8,99,0.0,hakone_ropeway,2025-12-20,2025-12-20 06:48:00,2025-12-20 16:34:00,True
2025-12-20 13:00:00,8.7,90,0.3,1.8,97,0.0,hakone_ropeway,2025-12-20,2025-12-20 06:48:00,2025-12-20 16:34:00,True
2025-12-20 14:00:00,8.5,93,0.3,1.4,95,0.0,hakone_ropeway,2025-12-20,2025-12-20 06:48:00,2025-12-20 16:34:00,True
2025-12-20 15:00:00,8.4,95,0.3,1.4,93,0.0,hakone_ropeway,2025-12-20,2025-12-20 06:48:00,2025-12-20 16:34:00,True
2025-12-20 16:00:00,7.6,96,1.9,5.9,100,0.0,hakone_ropeway,2025-12-20,2025-12-20 06:48:00,2025-12-20 16:34:00,True
2025-12-20 17:00:00,7.5,96,1.9,6.6,100,0.0,hakone_ropeway,2025-12-20,2025-12-20 06:48:00,2025-12-20 16:34:00,False
2025-12-20 18:00:00,7.6,96,1.9,7.4,100,0.0,hakone_ropeway,2025-12-20,2025-12-20 06:48:00,2025-12-20 16:34:00,False
2025-12-20 19:00:00,7.7,95,3.8,7.4,100,0.0,hakone_ropeway,2025-12-20,2025-12-20 06:48:00,2025-12-20 16:34:00,False
2025-12-20 20:00:00,7.9,94,3.8,7.3,100,0.0,hakone_ropeway,2025-12-20,2025-12-20 06:48:00,2025-12-20 16:34:00,False
2025-12-20 21:00:00,8.1,94,3.8,6.9,100,0.0,hakone_ropeway,2025-12-20,2025-12-20 06:48:00,2025-12-20 16:34:00,False
2025-12-20 22:00:00,8.0,95,2.0,5.7,100,0.0,hakone_ropeway,2025-12-20,2025-12-20 06:48:00,2025-12-20 16:34:00,False
2025-12-20 23:00:00,7.9,96,2.0,4.0,99,0.0,hakone_ropeway,2025-12-20,2025-12-20 06:48:00,2025-12-20 16:34:00,False
2025-12-21 00:00:00,7.8,97,2.0,2.6,99,0.0,hakone_ropeway,2025-12-21,2025-12-21 06:48:00,2025-12-21 16:35:00,False
2025-12-21 01:00:00,7.8,98,1.1,1.5,99,0.0,hakone_ropeway,2025-12-21,2025-12-21 06:48:00,2025-12-21 16:35:00,False
2025-12-21 02:00:00,7.7,99,1.1,0.8,100,0.0,hakone_ropeway,2025-12-21,2025-12-21 06:48:00,2025-12-21 16:35:00,False
2025-12-21 03:00:00,7.8,100,1.1,1.1,100,0.0,hakone_ropeway,2025-12-21,2025-12-21 06:48:00,2025-12-21 16:35:00,False
2025-12-21 04:00:00,7.9,100,0.8,1.1,100,0.0,hakone_ropeway,2025-12-21,2025-12-21 06:48:00,2025-12-21 16:35:00,False
2025-12-21 05:00:00,8.0,100,0.8,0.5,100,0.0,hakone_ropeway,2025-12-21,2025-12-21 06:48:00,2025-12-21 16:35:00,False
2025-12-21 06:00:00,8.2,100,0.8,0.4,100,0.0,hakone_ropeway,2025-12-21,2025-12-21 06:48:00,2025-12-21 16:35:00,False
2025-12-21 07:00:00,8.4,100,0.7,0.4,100,0.0,hakone_ropeway,2025-12-21,2025-12-21 06:48:00,2025-12-21 16:35:00,True
2025-12-21 08:00:00,8.7,100,0.7,0.5,100,0.0,hakone_ropeway,2025-12-21,2025-12-21 06:48:00,2025-12-21 16:35:00,True
2025-12-21 09:00:00,9.1,100,0.7,0.8,100,0.0,hakone_ropeway,2025-12-21,2025-12-21 06:48:00,2025-12-21 16:35:00,True
2025-12-21 10:00:00,9.8,99,0.6,2.5,97,0.0,hakone_ropeway,2025-12-21,2025-12-21 06:48:00,2025-12-21 16:35:00,True
2025-12-21 11:00:00,10.6,98,0.6,4.9,94,0.0,hakone_ropeway,2025-12-21,2025-12-21 06:48:00,2025-12-21 16:35:00,True
2025-12-21 12:00:00,11.3,97,0.6,6.4,91,0.0,hakone_ropeway,2025-12-21,2025-12-21 06:48:00,2025-12-21 16:35:00,True
2025-12-21 13:00:00,11.6,96,0.0,6.9,89,0.0,hakone_ropeway,2025-12-21,2025-12-21 06:48:00,2025-12-21 16:35:00,True
2025-12-21 14:00:00,11.8,96,0.0,6.7,86,0.0,hakone_ropeway,2025-12-21,2025-12-21 06:48:00,2025-12-21 16:35:00,True
2025-12-21 15:00:00,11.8,96,0.0,6.0,84,0.0,hakone_ropeway,2025-12-21,2025-12-21 06:48:00,2025-12-21 16:35:00,True
2025-12-21 16:00:00,11.3,97,0.0,4.1,88,0.0,hakone_ropeway,2025-12-21,2025-12-21 06:48:00,2025-12-21 16:35:00,True
2025-12-21 17:00:00,10.6,98,0.0,2.3,91,0.0,hakone_ropeway,2025-12-21,2025-12-21 06:48:00,2025-12-21 16:35:00,False
2025-12-21 18:00:00,10.1,99,0.0,2.1,95,0.0,hakone_ropeway,2025-12-21,2025-12-21 06:48:00,2025-12-21 16:35:00,False
2025-12-21 19:00:00,10.0,100,0.3,2.3,96,0.0,hakone_ropeway,2025-12-21,2025-12-21 06:48:00,2025-12-21 16:35:00,False
2025-12-21 20:00:00,10.1,100,0.3,3.0,98,0.0,hakone_ropeway,2025-12-21,2025-12-21 06:48:00,2025-12-21 16:35:00,False
2025-12-21 21:00:00,10.2,100,0.3,3.7,99,0.0,hakone_ropeway,2025-12-21,2025-12-21 06:48:00,2025-12-21 16:35:00,False
2025-12-21 22:00:00,10.2,100,0.3,4.0,96,0.0,hakone_ropeway,2025-12-21,2025-12-21 06:48:00,2025-12-21 16:35:00,False
2025-12-21 23:00:00,10.2,100,0.3,3.9,93,0.0,hakone_ropeway,2025-12-21,2025-12-21 06:48:00,2025-12-21 16:35:00,False
2025-12-22 00:00:00,10.1,100,0.3,3.7,90,0.0,hakone_ropeway,2025-12-22,2025-12-22 06:49:00,2025-12-22 16:35:00,False
2025-12-22 01:00:00,10.0,100,0.0,2.9,93,0.0,hakone_ropeway,2025-12-22,2025-12-22 06:49:00,2025-12-22 16:35:00,False
2025-12-22 02:00:00,9.9,100,0.0,2.5,97,0.0,hakone_ropeway,2025-12-22,2025-12-22 06:49:00,2025-12-22 16:35:00,False
2025-12-22 03:00:00,9.7,99,0.0,3.0,100,0.0,hakone_ropeway,2025-12-22,2025-12-22 06:49:00,2025-12-22 16:35:00,False
2025-12-22 04:00:00,9.5,97,0.0,3.7,100,0.0,hakone_ropeway,2025-12-22,2025-12-22 06:49:00,2025-12-22 16:35:00,False
2025-12-22 05:00:00,9.3,95,0.0,4.2,100,0.0,hakone_ropeway,2025-12-22,2025-12-22 06:49:00,2025-12-22 16:35:00,False
2025-12-22 06:00:00,9.3,93,0.0,4.8,100,0.0,hakone_ropeway,2025-12-22,2025-12-22 06:49:00,2025-12-22 16:35:00,False
2025-12-22 07:00:00,9.9,93,0.1,4.6,100,0.0,hakone_ropeway,2025-12-22,2025-12-22 06:49:00,2025-12-22 16:35:00,True
2025-12-22 08:00:00,10.7,94,0.1,4.7,100,0.0,hakone_ropeway,2025-12-22,2025-12-22 06:49:00,2025-12-22 16:35:00,True
2025-12-22 09:00:00,11.1,94,0.1,5.6,100,0.0,hakone_ropeway,2025-12-22,2025-12-22 06:49:00,2025-12-22 16:35:00,True
2025-12-22 10:00:00,10.7,90,0.2,6.9,100,0.0,hakone_ropeway,2025-12-22,2025-12-22 06:49:00,2025-12-22 16:35:00,True
2025-12-22 11:00:00,9.9,85,0.2,8.0,100,0.0,hakone_ropeway,2025-12-22,2025-12-22 06:49:00,2025-12-22 16:35:00,True
2025-12-22 12:00:00,9.1,81,0.2,8.6,100,0.0,hakone_ropeway,2025-12-22,2025-12-22 06:49:00,2025-12-22 16:35:00,True
2025-12-22 13:00:00,8.6,81,0.1,8.6,100,0.0,hakone_ropeway,2025-12-22,2025-12-22 06:49:00,2025-12-22 16:35:00,True
2025-12-22 14:00:00,8.2,82,0.1,8.3,100,0.0,hakone_ropeway,2025-12-22,2025-12-22 06:49:00,2025-12-22 16:35:00,True
2025-12-22 15:00:00,7.7,84,0.1,8.7,100,0.0,hakone_ropeway,2025-12-22,2025-12-22 06:49:00,2025-12-22 16:35:00,True
2025-12-22 16:00:00,7.0,86,1.1,9.7,100,0.0,hakone_ropeway,2025-12-22,2025-12-22 06:49:00,2025-12-22 16:35:00,True
2025-12-22 17:00:00,6.3,89,1.1,11.2,100,0.0,hakone_ropeway,2025-12-22,2025-12-22 06:49:00,2025-12-22 16:35:00,False
2025-12-22 18:00:00,5.6,90,1.1,11.9,100,0.0,hakone_ropeway,2025-12-22,2025-12-22 06:49:00,2025-12-22 16:35:00,False
2025-12-22 19:00:00,4.7,88,0.25,10.6,98,0.0,hakone_ropeway,2025-12-22,2025-12-22 06:49:00,2025-12-22 16:35:00,False
2025-12-22 20:00:00,3.7,86,0.2,9.3,98,0.0,hakone_ropeway,2025-12-22,2025-12-22 06:49:00,2025-12-22 16:35:00,False
2025-12-22 21:00:00,2.8,84,0.15,7.4,99,0.0,hakone_ropeway,2025-12-22,2025-12-22 06:49:00,2025-12-22 16:35:00,False
2025-12-22 22:00:00,2.2,82,0.0,5.1,100,0.0,hakone_ropeway,2025-12-22,2025-12-22 06:49:00,2025-12-22 16:35:00,False
2025-12-22 23:00:00,2.2,81,0.0,4.3,100,0.0,hakone_ropeway,2025-12-22,2025-12-22 06:49:00,2025-12-22 16:35:00,False
2025-12-16 00:00:00,5.1,59,0.0,1.1,0,0.0,hakone_station,2025-12-16,2025-12-16 06:45:00,2025-12-16 16:32:00,False
2025-12-16 01:00:00,4.5,60,0.0,1.8,1,0.0,hakone_station,2025-12-16,2025-12-16 06:45:00,2025-12-16 16:32:00,False
2025-12-16 02:00:00,4.0,63,0.0,3.4,1,0.0,hakone_station,2025-12-16,2025-12-16 06:45:00,2025-12-16 16:32:00,False
2025-12-16 03:00:00,3.8,66,0.0,2.5,2,0.0,hakone_station,2025-12-16,2025-12-16 06:45:00,2025-12-16 16:32:00,False
2025-12-16 04:00:00,4.0,66,0.0,2.9,2,0.0,hakone_station,2025-12-16,2025-12-16 06:45:00,2025-12-16 16:32:00,False
2025-12-16 05:00:00,3.8,70,0.0,2.5,1,0.0,hakone_station,2025-12-16,2025-12-16 06:45:00,2025-12-16 16:32:00,False
2025-12-16 06:00:00,3.3,75,0.0,2.5,2,0.0,hakone_station,2025-12-16,2025-12-16 06:45:00,2025-12-16 16:32:00,False
2025-12-16 07:00:00,3.2,76,0.0,2.2,4,0.0,hakone_station,2025-12-16,2025-12-16 06:45:00,2025-12-16 16:32:00,True
2025-12-16 08:00:00,4.3,76,0.0,1.8,6,0.0,hakone_station,2025-12-16,2025-12-16 06:45:00,2025-12-16 16:32:00,True
2025-12-16 09:00:00,6.4,66,0.0,2.1,5,0.0,hakone_station,2025-12-16,2025-12-16 06:45:00,2025-12-16 16:32:00,True
2025-12-16 10:00:00,7.8,62,0.0,5.4,9,0.0,hakone_station,2025-12-16,2025-12-16 06:45:00,2025-12-16 16:32:00,True
2025-12-16 11:00:00,8.6,59,0.0,8.1,7,0.0,hakone_station,2025-12-16,2025-12-16 06:45:00,2025-12-16 16:32:00,True
2025-12-16 12:00:00,9.3,59,0.0,9.0,5,0.0,hakone_station,2025-12-16,2025-12-16 06:45:00,2025-12-16 16:32:00,True
2025-12-16 13:00:00,9.9,59,0.0,9.2,4,0.0,hakone_station,2025-12-16,2025-12-16 06:45:00,2025-12-16 16:32:00,True
2025-12-16 14:00:00,10.3,62,0.0,9.1,4,0.0,hakone_station,2025-12-16,2025-12-16 06:45:00,2025-12-16 16:32:00,True
2025-12-16 15:00:00,10.6,62,0.0,6.6,3,0.0,hakone_station,2025-12-16,2025-12-16 06:45:00,2025-12-16 16:32:00,True
2025-12-16 16:00:00,10.0,59,0.0,3.4,1,0.0,hakone_station,2025-12-16,2025-12-16 06:45:00,2025-12-16 16:32:00,True
2025-12-16 17:00:00,8.1,71,0.0,4.1,0,0.0,hakone_station,2025-12-16,2025-12-16 06:45:00,2025-12-16 16:32:00,False
2025-12-16 18:00:00,7.3,76,0.0,4.2,0,0.0,hakone_station,2025-12-16,2025-12-16 06:45:00,2025-12-16 16:32:00,False
2025-12-16 19:00:00,7.2,72,0.0,4.3,0,0.0,hakone_station,2025-12-16,2025-12-16 06:45:00,2025-12-16 16:32:00,False
2025-12-16 20:00:00,6.7,71,0.0,6.5,0,0.0,hakone_station,2025-12-16,2025-12-16 06:45:00,2025-12-16 16:32:00,False
2025-12-16 21:00:00,7.7,66,0.0,6.1,0,0.0,hakone_station,2025-12-16,2025-12-16 06:45:00,2025-12-16 16:32:00,False
2025-12-16 22:00:00,8.1,61,0.0,6.1,0,0.0,hakone_station,2025-12-16,2025-12-16 06:45:00,2025-12-16 16:32:00,False
2025-12-16 23:00:00,8.1,59,0.0,5.4,0,0.0,hakone_station,2025-12-16,2025-12-16 06:45:00,2025-12-16 16:32:00,False
2025-12-17 00:00:00,7.9,59,0.0,5.2,0,0.0,hakone_station,2025-12-17,2025-12-17 06:45:00,2025-12-17 16:33:00,False
2025-12-17 01:00:00,7.7,60,0.0,4.6,0,0.0,hakone_station,2025-12-17,2025-12-17 06:45:00,2025-12-17 16:33:00,False
2025-12-17 02:00:00,7.6,61,0.0,4.1,0,0.0,hakone_station,2025-12-17,2025-12-17 06:45:00,2025-12-17 16:33:00,False
2025-12-17 03:00:00,7.4,61,0.0,4.5,0,0.0,hakone_station,2025-12-17,2025-12-17 06:45:00,2025-12-17 16:33:00,False
2025-12-17 04:00:00,7.3,61,0.0,4.8,0,0.0,hakone_station,2025-12-17,2025-12-17 06:45:00,2025-12-17 16:33:00,False
2025-12-17 05:00:00,7.2,63,0.0,4.9,0,0.0,hakone_station,2025-12-17,2025-12-17 06:45:00,2025-12-17 16:33:00,False
2025-12-17 06:00:00,7.2,63,0.0,2.8,0,0.0,hakone_station,2025-12-17,2025-12-17 06:45:00,2025-12-17 16:33:00,False
2025-12-17 07:00:00,6.9,64,0.0,2.7,0,0.0,hakone_station,2025-12-17,2025-12-17 06:45:00,2025-12-17 16:33:00,True
2025-12-17 08:00:00,7.4,64,0.0,4.6,0,0.0,hakone_station,2025-12-17,2025-12-17 06:45:00,2025-12-17 16:33:00,True
2025-12-17 09:00:00,9.2,57,0.0,3.2,0,0.0,hakone_station,2025-12-17,2025-12-17 06:45:00,2025-12-17 16:33:00,True
2025-12-17 10:00:00,12.3,46,0.0,12.2,3,0.0,hakone_station,2025-12-17,2025-12-17 06:45:00,2025-12-17 16:33:00,True
2025-12-17 11:00:00,12.8,50,0.0,14.6,5,0.0,hakone_station,2025-12-17,2025-12-17 06:45:00,2025-12-17 16:33:00,True
2025-12-17 12:00:00,13.2,53,0.0,15.4,2,0.0,hakone_station,2025-12-17,2025-12-17 06:45:00,2025-12-17 16:33:00,True
2025-12-17 13:00:00,13.6,52,0.0,15.0,1,0.0,hakone_station,2025-12-17,2025-12-17 06:45:00,2025-12-17 16:33:00,True
2025-12-17 14:00:00,13.4,54,0.0,14.5,3,0.0,hakone_station,2025-12-17,2025-12-17 06:45:00,2025-12-17 16:33:00,True
2025-12-17 15:00:00,13.1,55,0.0,12.6,4,0.0,hakone_station,2025-12-17,2025-12-17 06:45:00,2025-12-17 16:33:00,True
2025-12-17 16:00:00,11.4,66,0.2,13.8,9,0.0,hakone_station,2025-12-17,2025-12-17 06:45:00,2025-12-17 16:33:00,True
2025-12-17 17:00:00,10.8,70,0.2,15.5,6,0.0,hakone_station,2025-12-17,2025-12-17 06:45:00,2025-12-17 16:33:00,False
2025-12-17 18:00:00,11.1,67,0.2,17.2,1,0.0,hakone_station,2025-12-17,2025-12-17 06:45:00,2025-12-17 16:33:00,False
2025-12-17 19:00:00,11.8,60,0.0,9.9,7,0.0,hakone_station,2025-12-17,2025-12-17 06:45:00,2025-12-17 16:33:00,False
2025-12-17 20:00:00,10.8,66,0.0,5.6,49,0.0,hakone_station,2025-12-17,2025-12-17 06:45:00,2025-12-17 16:33:00,False
2025-12-17 21:00:00,9.9,71,0.0,6.2,53,0.0,hakone_station,2025-12-17,2025-12-17 06:45:00,2025-12-17 16:33:00,False
2025-12-17 22:00:00,9.2,72,0.0,2.4,48,0.0,hakone_station,2025-12-17,2025-12-17 06:45:00,2025-12-17 16:33:00,False
2025-12-17 23:00:00,9.1,72,0.0,1.9,77,0.0,hakone_station,2025-12-17,2025-12-17 06:45:00,2025-12-17 16:33:00,False
2025-12-18 00:00:00,8.8,72,0.0,0.8,21,0.0,hakone_station,2025-12-18,2025-12-18 06:46:00,2025-12-18 16:33:00,False
2025-12-18 01:00:00,8.0,75,0.0,3.8,11,0.0,hakone_station,2025-12-18,2025-12-18 06:46:00,2025-12-18 16:33:00,False
2025-12-18 02:00:00,7.7,71,0.0,6.1,11,0.0,hakone_station,2025-12-18,2025-12-18 06:46:00,2025-12-18 16:33:00,False
2025-12-18 03:00:00,6.6,75,0.0,4.5,6,0.0,hakone_station,2025-12-18,2025-12-18 06:46:00,2025-12-18 16:33:00,False
2025-12-18 04:00:00,6.0,77,0.0,2.9,4,0.0,hakone_station,2025-12-18,2025-12-18 06:46:00,2025-12-18 16:33:00,False
2025-12-18 05:00:00,5.8,79,0.0,1.4,3,0.0,hakone_station,2025-12-18,2025-12-18 06:46:00,2025-12-18 16:33:00,False
2025-12-18 06:00:00,5.5,80,0.0,0.7,1,0.0,hakone_station,2025-12-18,2025-12-18 06:46:00,2025-12-18 16:33:00,False
2025-12-18 07:00:00,5.3,80,0.0,0.8,0,0.0,hakone_station,2025-12-18,2025-12-18 06:46:00,2025-12-18 16:33:00,True
2025-12-18 08:00:00,5.9,79,0.0,2.1,0,0.0,hakone_station,2025-12-18,2025-12-18 06:46:00,2025-12-18 16:33:00,True
2025-12-18 09:00:00,7.2,69,0.0,2.7,0,0.0,hakone_station,2025-12-18,2025-12-18 06:46:00,2025-12-18 16:33:00,True
2025-12-18 10:00:00,8.2,64,0.0,4.4,0,0.0,hakone_station,2025-12-18,2025-12-18 06:46:00,2025-12-18 16:33:00,True
2025-12-18 11:00:00,8.9,61,0.0,5.5,2,0.0,hakone_station,2025-12-18,2025-12-18 06:46:00,2025-12-18 16:33:00,True
2025-12-18 12:00:00,9.5,59,0.0,6.8,1,0.0,hakone_station,2025-12-18,2025-12-18 06:46:00,2025-12-18 16:33:00,True
2025-12-18 13:00:00,9.7,60,0.0,6.4,10,0.0,hakone_station,2025-12-18,2025-12-18 06:46:00,2025-12-18 16:33:00,True
2025-12-18 14:00:00,9.4,62,0.0,5.6,24,0.0,hakone_station,2025-12-18,2025-12-18 06:46:00,2025-12-18 16:33:00,True
2025-12-18 15:00:00,8.6,66,0.0,4.8,37,0.0,hakone_station,2025-12-18,2025-12-18 06:46:00,2025-12-18 16:33:00,True
2025-12-18 16:00:00,7.2,73,0.0,3.4,58,0.0,hakone_station,2025-12-18,2025-12-18 06:46:00,2025-12-18 16:33:00,True
2025-12-18 17:00:00,6.0,80,0.0,2.9,70,0.0,hakone_station,2025-12-18,2025-12-18 06:46:00,2025-12-18 16:33:00,False
2025-12-18 18:00:00,5.8,79,0.0,3.1,64,0.0,hakone_station,2025-12-18,2025-12-18 06:46:00,2025-12-18 16:33:00,False
2025-12-18 19:00:00,5.7,78,0.0,2.8,73,0.0,hakone_station,2025-12-18,2025-12-18 06:46:00,2025-12-18 16:33:00,False
2025-12-18 20:00:00,5.9,76,0.0,3.1,81,0.0,hakone_station,2025-12-18,2025-12-18 06:46:00,2025-12-18 16:33:00,False
2025-12-18 21:00:00,6.0,76,0.0,2.6,92,0.0,hakone_station,2025-12-18,2025-12-18 06:46:00,2025-12-18 16:33:00,False
2025-12-18 22:00:00,5.7,80,0.0,3.3,92,0.0,hakone_station,2025-12-18,2025-12-18 06:46:00,2025-12-18 16:33:00,False
2025-12-18 23:00:00,5.3,86,0.0,4.1,92,0.0,hakone_station,2025-12-18,2025-12-18 06:46:00,2025-12-18 16:33:00,False
2025-12-19 00:00:00,4.9,91,0.0,4.6,92,0.0,hakone_station,2025-12-19,2025-12-19 06:47:00,2025-12-19 16:33:00,False
2025-12-19 01:00:00,4.2,93,0.0,4.3,83,0.0,hakone_station,2025-12-19,2025-12-19 06:47:00,2025-12-19 16:33:00,False
2025-12-19 02:00:00,3.5,93,0.0,3.9,74,0.0,hakone_station,2025-12-19,2025-12-19 06:47:00,2025-12-19 16:33:00,False
2025-12-19 03:00:00,3.1,92,0.0,4.0,65,0.0,hakone_station,2025-12-19,2025-12-19 06:47:00,2025-12-19 16:33:00,False
2025-12-19 04:00:00,2.9,90,0.0,4.0,65,0.0,hakone_station,2025-12-19,2025-12-19 06:47:00,2025-12-19 16:33:00,False
2025-12-19 05:00:00,3.0,88,0.0,4.2,65,0.0,hakone_station,2025-12-19,2025-12-19 06:47:00,2025-12-19 16:33:00,False
2025-12-19 06:00:00,3.4,86,0.0,4.0,65,0.0,hakone_station,2025-12-19,2025-12-19 06:47:00,2025-12-19 16:33:00,False
2025-12-19 07:00:00,4.1,85,0.0,3.4,71,0.0,hakone_station,2025-12-19,2025-12-19 06:47:00,2025-12-19 16:33:00,True
2025-12-19 08:00:00,5.1,84,0.0,2.8,78,0.0,hakone_station,2025-12-19,2025-12-19 06:47:00,2025-12-19 16:33:00,True
2025-12-19 09:00:00,6.3,82,0.0,1.6,84,0.0,hakone_station,2025-12-19,2025-12-19 06:47:00,2025-12-19 16:33:00,True
2025-12-19 10:00:00,7.8,79,0.0,1.5,79,0.0,hakone_station,2025-12-19,2025-12-19 06:47:00,2025-12-19 16:33:00,True
2025-12-19 11:00:00,9.4,75,0.0,3.7,73,0.0,hakone_station,2025-12-19,2025-12-19 06:47:00,2025-12-19 16:33:00,True
2025-12-19 12:00:00,10.5,72,0.0,5.1,68,0.0,hakone_station,2025-12-19,2025-12-19 06:47:00,2025-12-19 16:33:00,True
2025-12-19 13:00:00,10.8,72,0.0,5.4,65,0.0,hakone_station,2025-12-19,2025-12-19 06:47:00,2025-12-19 16:33:00,True
2025-12-19 14:00:00,10.6,73,0.0,5.2,63,0.0,hakone_station,2025-12-19,2025-12-19 06:47:00,2025-12-19 16:33:00,True
2025-12-19 15:00:00,10.1,75,0.0,4.6,60,0.0,hakone_station,2025-12-19,2025-12-19 06:47:00,2025-12-19 16:33:00,True
2025-12-19 16:00:00,9.2,79,0.0,3.1,73,0.0,hakone_station,2025-12-19,2025-12-19 06:47:00,2025-12-19 16:33:00,True
2025-12-19 17:00:00,8.0,85,0.0,2.2,86,0.0,hakone_station,2025-12-19,2025-12-19 06:47:00,2025-12-19 16:33:00,False
2025-12-19 18:00:00,7.1,89,0.0,2.3,99,0.0,hakone_station,2025-12-19,2025-12-19 06:47:00,2025-12-19 16:33:00,False
2025-12-19 19:00:00,6.7,90,0.0,1.6,99,0.0,hakone_station,2025-12-19,2025-12-19 06:47:00,2025-12-19 16:33:00,False
2025-12-19 20:00:00,6.6,89,0.0,0.8,100,0.0,hakone_station,2025-12-19,2025-12-19 06:47:00,2025-12-19 16:33:00,False
2025-12-19 21:00:00,6.5,89,0.0,2.2,100,0.0,hakone_station,2025-12-19,2025-12-19 06:47:00,2025-12-19 16:33:00,False
2025-12-19 22:00:00,6.4,90,0.0,3.1,100,0.0,hakone_station,2025-12-19,2025-12-19 06:47:00,2025-12-19 16:33:00,False
2025-12-19 23:00:00,6.3,90,0.0,3.5,100,0.0,hakone_station,2025-12-19,2025-12-19 06:47:00,2025-12-19 16:33:00,False
2025-12-20 00:00:00,6.3,91,0.0,3.5,100,0.0,hakone_station,2025-12-20,2025-12-20 06:47:00,2025-12-20 16:34:00,False
2025-12-20 01:00:00,6.3,92,0.0,3.3,100,0.0,hakone_station,2025-12-20,2025-12-20 06:47:00,2025-12-20 16:34:00,False
2025-12-20 02:00:00,6.3,92,0.0,2.9,100,0.0,hakone_station,2025-12-20,2025-12-20 06:47:00,2025-12-20 16:34:00,False
2025-12-20 03:00:00,6.3,92,0.0,3.1,100,0.0,hakone_station,2025-12-20,2025-12-20 06:47:00,2025-12-20 16:34:00,False
2025-12-20 04:00:00,6.4,90,0.0,4.1,100,0.0,hakone_station,2025-12-20,2025-12-20 06:47:00,2025-12-20 16:34:00,False
2025-12-20 05:00:00,6.6,88,0.0,5.5,100,0.0,hakone_station,2025-12-20,2025-12-20 06:47:00,2025-12-20 16:34:00,False
2025-12-20 06:00:00,6.8,87,0.0,6.5,100,0.0,hakone_station,2025-12-20,2025-12-20 06:47:00,2025-12-20 16:34:00,False
2025-12-20 07:00:00,7.2,88,0.2,6.5,100,0.0,hakone_station,2025-12-20,2025-12-20 06:47:00,2025-12-20 16:34:00,True
2025-12-20 08:00:00,7.8,90,0.2,5.8,100,0.0,hakone_station,2025-12-20,2025-12-20 06:47:00,2025-12-20 16:34:00,True
2025-12-20 09:00:00,8.5,91,0.2,5.1,100,0.0,hakone_station,2025-12-20,2025-12-20 06:47:00,2025-12-20 16:34:00,True
2025-12-20 10:00:00,9.5,90,0.3,4.7,99,0.0,hakone_station,2025-12-20,2025-12-20 06:47:00,2025-12-20 16:34:00,True
2025-12-20 11:00:00,10.7,89,0.3,4.3,99,0.0,hakone_station,2025-12-20,2025-12-20 06:47:00,2025-12-20 16:34:00,True
2025-12-20 12:00:00,11.5,89,0.3,4.4,98,0.0,hakone_station,2025-12-20,2025-12-20 06:47:00,2025-12-20 16:34:00,True
2025-12-20 13:00:00,11.7,91,0.2,4.1,96,0.0,hakone_station,2025-12-20,2025-12-20 06:47:00,2025-12-20 16:34:00,True
2025-12-20 14:00:00,11.6,93,0.2,3.6,95,0.0,hakone_station,2025-12-20,2025-12-20 06:47:00,2025-12-20 16:34:00,True
2025-12-20 15:00:00,11.4,95,0.2,3.4,93,0.0,hakone_station,2025-12-20,2025-12-20 06:47:00,2025-12-20 16:34:00,True
2025-12-20 16:00:00,9.9,99,1.8,3.3,100,0.0,hakone_station,2025-12-20,2025-12-20 06:47:00,2025-12-20 16:34:00,True
2025-12-20 17:00:00,9.7,99,1.8,4.1,100,0.0,hakone_station,2025-12-20,2025-12-20 06:47:00,2025-12-20 16:34:00,False
2025-12-20 18:00:00,9.6,99,1.8,4.3,100,0.0,hakone_station,2025-12-20,2025-12-20 06:47:00,2025-12-20 16:34:00,False
2025-12-20 19:00:00,9.7,99,3.8,4.6,100,0.0,hakone_station,2025-12-20,2025-12-20 06:47:00,2025-12-20 16:34:00,False
2025-12-20 20:00:00,9.9,99,3.8,4.9,100,0.0,hakone_station,2025-12-20,2025-12-20 06:47:00,2025-12-20 16:34:00,False
2025-12-20 21:00:00,10.0,99,3.8,4.2,100,0.0,hakone_station,2025-12-20,2025-12-20 06:47:00,2025-12-20 16:34:00,False
2025-12-20 22:00:00,9.9,98,2.3,3.0,97,0.0,hakone_station,2025-12-20,2025-12-20 06:47:00,2025-12-20 16:34:00,False
2025-12-20 23:00:00,9.8,97,2.3,2.0,93,0.0,hakone_station,2025-12-20,2025-12-20 06:47:00,2025-12-20 16:34:00,False
2025-12-21 00:00:00,9.7,97,2.3,2.9,90,0.0,hakone_station,2025-12-21,2025-12-21 06:48:00,2025-12-21 16:34:00,False
2025-12-21 01:00:00,9.8,97,0.4,3.6,92,0.0,hakone_station,2025-12-21,2025-12-21 06:48:00,2025-12-21 16:34:00,False
2025-12-21 02:00:00,9.9,98,0.4,3.7,94,0.0,hakone_station,2025-12-21,2025-12-21 06:48:00,2025-12-21 16:34:00,False
2025-12-21 03:00:00,10.1,99,0.4,3.8,96,0.0,hakone_station,2025-12-21,2025-12-21 06:48:00,2025-12-21 16:34:00,False
2025-12-21 04:00:00,10.4,99,0.3,3.9,94,0.0,hakone_station,2025-12-21,2025-12-21 06:48:00,2025-12-21 16:34:00,False
2025-12-21 05:00:00,10.8,100,0.3,3.7,93,0.0,hakone_station,2025-12-21,2025-12-21 06:48:00,2025-12-21 16:34:00,False
2025-12-21 06:00:00,11.2,100,0.3,3.7,91,0.0,hakone_station,2025-12-21,2025-12-21 06:48:00,2025-12-21 16:34:00,False
2025-12-21 07:00:00,11.6,100,0.6,3.7,93,0.0,hakone_station,2025-12-21,2025-12-21 06:48:00,2025-12-21 16:34:00,True
2025-12-21 08:00:00,12.0,100,0.6,3.5,96,0.0,hakone_station,2025-12-21,2025-12-21 06:48:00,2025-12-21 16:34:00,True
2025-12-21 09:00:00,12.5,99,0.6,3.7,98,0.0,hakone_station,2025-12-21,2025-12-21 06:48:00,2025-12-21 16:34:00,True
2025-12-21 10:00:00,13.3,98,0.5,4.7,98,0.0,hakone_station,2025-12-21,2025-12-21 06:48:00,2025-12-21 16:34:00,True
2025-12-21 11:00:00,14.1,96,0.5,6.1,97,0.0,hakone_station,2025-12-21,2025-12-21 06:48:00,2025-12-21 16:34:00,True
2025-12-21 12:00:00,14.7,95,0.5,7.1,97,0.0,hakone_station,2025-12-21,2025-12-21 06:48:00,2025-12-21 16:34:00,True
2025-12-21 13:00:00,15.0,94,0.2,7.7,88,0.0,hakone_station,2025-12-21,2025-12-21 06:48:00,2025-12-21 16:34:00,True
2025-12-21 14:00:00,15.1,92,0.2,7.7,78,0.0,hakone_station,2025-12-21,2025-12-21 06:48:00,2025-12-21 16:34:00,True
2025-12-21 15:00:00,14.9,92,0.2,7.4,69,0.0,hakone_station,2025-12-21,2025-12-21 06:48:00,2025-12-21 16:34:00,True
2025-12-21 16:00:00,14.5,93,0.0,7.0,76,0.0,hakone_station,2025-12-21,2025-12-21 06:48:00,2025-12-21 16:34:00,True
2025-12-21 17:00:00,13.9,95,0.0,6.3,84,0.0,hakone_station,2025-12-21,2025-12-21 06:48:00,2025-12-21 16:34:00,False
2025-12-21 18:00:00,13.5,97,0.0,6.1,91,0.0,hakone_station,2025-12-21,2025-12-21 06:48:00,2025-12-21 16:34:00,False
2025-12-21 19:00:00,13.5,97,0.2,6.4,93,0.0,hakone_station,2025-12-21,2025-12-21 06:48:00,2025-12-21 16:34:00,False
2025-12-21 20:00:00,13.7,97,0.2,6.9,94,0.0,hakone_station,2025-12-21,2025-12-21 06:48:00,2025-12-21 16:34:00,False
2025-12-21 21:00:00,13.9,97,0.2,7.4,96,0.0,hakone_station,2025-12-21,2025-12-21 06:48:00,2025-12-21 16:34:00,False
2025-12-21 22:00:00,14.0,97,0.1,7.9,94,0.0,hakone_station,2025-12-21,2025-12-21 06:48:00,2025-12-21 16:34:00,False
2025-12-21 23:00:00,14.1,96,0.1,8.4,93,0.0,hakone_station,2025-12-21,2025-12-21 06:48:00,2025-12-21 16:34:00,False
2025-12-22 00:00:00,14.1,96,0.1,8.4,91,0.0,hakone_station,2025-12-22,2025-12-22 06:48:00,2025-12-22 16:35:00,False
2025-12-22 01:00:00,14.0,97,0.0,7.7,94,0.0,hakone_station,2025-12-22,2025-12-22 06:48:00,2025-12-22 16:35:00,False
2025-12-22 02:00:00,13.7,97,0.0,6.6,97,0.0,hakone_station,2025-12-22,2025-12-22 06:48:00,2025-12-22 16:35:00,False
2025-12-22 03:00:00,13.4,98,0.0,4.8,100,0.0,hakone_station,2025-12-22,2025-12-22 06:48:00,2025-12-22 16:35:00,False
2025-12-22 04:00:00,12.9,99,0.0,2.5,100,0.0,hakone_station,2025-12-22,2025-12-22 06:48:00,2025-12-22 16:35:00,False
2025-12-22 05:00:00,12.3,99,0.0,2.2,100,0.0,hakone_station,2025-12-22,2025-12-22 06:48:00,2025-12-22 16:35:00,False
2025-12-22 06:00:00,12.0,98,0.0,3.8,100,0.0,hakone_station,2025-12-22,2025-12-22 06:48:00,2025-12-22 16:35:00,False
2025-12-22 07:00:00,12.4,95,0.0,4.3,100,0.0,hakone_station,2025-12-22,2025-12-22 06:48:00,2025-12-22 16:35:00,True
2025-12-22 08:00:00,13.1,92,0.0,4.7,100,0.0,hakone_station,2025-12-22,2025-12-22 06:48:00,2025-12-22 16:35:00,True
2025-12-22 09:00:00,13.4,88,0.0,5.5,100,0.0,hakone_station,2025-12-22,2025-12-22 06:48:00,2025-12-22 16:35:00,True
2025-12-22 10:00:00,13.0,84,0.0,6.5,100,0.0,hakone_station,2025-12-22,2025-12-22 06:48:00,2025-12-22 16:35:00,True
2025-12-22 11:00:00,12.2,79,0.0,7.2,100,0.0,hakone_station,2025-12-22,2025-12-22 06:48:00,2025-12-22 16:35:00,True
2025-12-22 12:00:00,11.5,77,0.0,8.0,100,0.0,hakone_station,2025-12-22,2025-12-22 06:48:00,2025-12-22 16:35:00,True
2025-12-22 13:00:00,11.0,78,0.0,9.0,100,0.0,hakone_station,2025-12-22,2025-12-22 06:48:00,2025-12-22 16:35:00,True
2025-12-22 14:00:00,10.7,81,0.0,9.8,100,0.0,hakone_station,2025-12-22,2025-12-22 06:48:00,2025-12-22 16:35:00,True
2025-12-22 15:00:00,10.1,84,0.0,10.5,100,0.0,hakone_station,2025-12-22,2025-12-22 06:48:00,2025-12-22 16:35:00,True
2025-12-22 16:00:00,9.2,87,1.3,10.8,100,0.0,hakone_station,2025-12-22,2025-12-22 06:48:00,2025-12-22 16:35:00,True
2025-12-22 17:00:00,8.1,91,1.3,10.8,100,0.0,hakone_station,2025-12-22,2025-12-22 06:48:00,2025-12-22 16:35:00,False
2025-12-22 18:00:00,7.2,93,1.3,11.2,100,0.0,hakone_station,2025-12-22,2025-12-22 06:48:00,2025-12-22 16:35:00,False
2025-12-22 19:00:00,6.8,90,0.18,12.1,99,0.0,hakone_station,2025-12-22,2025-12-22 06:48:00,2025-12-22 16:35:00,False
2025-12-22 20:00:00,6.5,86,0.15,12.2,98,0.0,hakone_station,2025-12-22,2025-12-22 06:48:00,2025-12-22 16:35:00,False
2025-12-22 21:00:00,6.3,82,0.12,11.4,99,0.0,hakone_station,2025-12-22,2025-12-22 06:48:00,2025-12-22 16:35:00,False
2025-12-22 22:00:00,6.4,80,0.0,9.8,100,0.0,hakone_station,2025-12-22,2025-12-22 06:48:00,2025-12-22 16:35:00,False
2025-12-22 23:00:00,6.4,80,0.0,8.3,100,0.0,hakone_station,2025-12-22,2025-12-22 06:48:00,2025-12-22 16:35:00,False
2025-12-16 00:00:00,6.1,84,0.0,2.6,36,0.0,osaka,2025-12-16,2025-12-16 06:58:00,2025-12-16 16:48:00,False
2025-12-16 01:00:00,5.8,85,0.0,2.7,34,0.0,osaka,2025-12-16,2025-12-16 06:58:00,2025-12-16 16:48:00,False
2025-12-16 02:00:00,5.4,83,0.0,2.8,20,0.0,osaka,2025-12-16,2025-12-16 06:58:00,2025-12-16 16:48:00,False
2025-12-16 03:00:00,4.9,87,0.0,3.1,3,0.0,osaka,2025-12-16,2025-12-16 06:58:00,2025-12-16 16:48:00,False
2025-12-16 04:00:00,4.5,88,0.0,3.1,0,0.0,osaka,2025-12-16,2025-12-16 06:58:00,2025-12-16 16:48:00,False
2025-12-16 05:00:00,4.2,87,0.0,3.8,0,0.0,osaka,2025-12-16,2025-12-16 06:58:00,2025-12-16 16:48:00,False
2025-12-16 06:00:00,3.8,89,0.0,3.4,0,0.0,osaka,2025-12-16,2025-12-16 06:58:00,2025-12-16 16:48:00,False
2025-12-16 07:00:00,3.4,89,0.0,3.1,0,0.0,osaka,2025-12-16,2025-12-16 06:58:00,2025-12-16 16:48:00,True
2025-12-16 08:00:00,4.0,84,0.0,1.9,0,0.0,osaka,2025-12-16,2025-12-16 06:58:00,2025-12-16 16:48:00,True
2025-12-16 09:00:00,5.2,79,0.0,1.1,0,0.0,osaka,2025-12-16,2025-12-16 06:58:00,2025-12-16 16:48:00,True
2025-12-16 10:00:00,7.4,71,0.0,1.3,0,0.0,osaka,2025-12-16,2025-12-16 06:58:00,2025-12-16 16:48:00,True
2025-12-16 11:00:00,10.1,59,0.0,6.8,0,0.0,osaka,2025-12-16,2025-12-16 06:58:00,2025-12-16 16:48:00,True
2025-12-16 12:00:00,10.7,60,0.0,8.1,1,0.0,osaka,2025-12-16,2025-12-16 06:58:00,2025-12-16 16:48:00,True
2025-12-16 13:00:00,11.1,62,0.0,8.5,1,0.0,osaka,2025-12-16,2025-12-16 06:58:00,2025-12-16 16:48:00,True
2025-12-16 14:00:00,11.4,63,0.0,8.2,4,0.0,osaka,2025-12-16,2025-12-16 06:58:00,2025-12-16 16:48:00,True
2025-12-16 15:00:00,11.4,62,0.0,8.0,11,0.0,osaka,2025-12-16,2025-12-16 06:58:00,2025-12-16 16:48:00,True
2025-12-16 16:00:00,11.1,64,0.0,6.5,13,0.0,osaka,2025-12-16,2025-12-16 06:58:00,2025-12-16 16:48:00,True
2025-12-16 17:00:00,10.4,68,0.0,4.7,8,0.0,osaka,2025-12-16,2025-12-16 06:58:00,2025-12-16 16:48:00,False
2025-12-16 18:00:00,9.6,78,0.0,3.7,13,0.0,osaka,2025-12-16,2025-12-16 06:58:00,2025-12-16 16:48:00,False
2025-12-16 19:00:00,9.5,77,0.0,2.8,20,0.0,osaka,2025-12-16,2025-12-16 06:58:00,2025-12-16 16:48:00,False
2025-12-16 20:00:00,8.7,80,0.0,2.3,25,0.0,osaka,2025-12-16,2025-12-16 06:58:00,2025-12-16 16:48:00,False
2025-12-16 21:00:00,7.9,84,0.0,2.9,26,0.0,osaka,2025-12-16,2025-12-16 06:58:00,2025-12-16 16:48:00,False
2025-12-16 22:00:00,7.7,80,0.0,3.4,34,0.0,osaka,2025-12-16,2025-12-16 06:58:00,2025-12-16 16:48:00,False
2025-12-16 23:00:00,7.3,79,0.0,3.1,28,0.0,osaka,2025-12-16,2025-12-16 06:58:00,2025-12-16 16:48:00,False
2025-12-17 00:00:00,6.9,83,0.0,2.6,40,0.0,osaka,2025-12-17,2025-12-17 06:58:00,2025-12-17 16:48:00,False
2025-12-17 01:00:00,6.7,85,0.0,2.5,23,0.0,osaka,2025-12-17,2025-12-17 06:58:00,2025-12-17 16:48:00,False
2025-12-17 02:00:00,6.6,84,0.0,3.1,17,0.0,osaka,2025-12-17,2025-12-17 06:58:00,2025-12-17 16:48:00,False
2025-12-17 03:00:00,6.1,87,0.0,3.2,10,0.0,osaka,2025-12-17,2025-12-17 06:58:00,2025-12-17 16:48:00,False
2025-12-17 04:00:00,5.8,86,0.0,3.3,4,0.0,osaka,2025-12-17,2025-12-17 06:58:00,2025-12-17 16:48:00,False
2025-12-17 05:00:00,5.4,89,0.0,3.3,5,0.0,osaka,2025-12-17,2025-12-17 06:58:00,2025-12-17 16:48:00,False
2025-12-17 06:00:00,5.3,89,0.0,2.9,18,0.0,osaka,2025-12-17,2025-12-17 06:58:00,2025-12-17 16:48:00,False
2025-12-17 07:00:00,5.2,89,0.0,2.8,31,0.0,osaka,2025-12-17,2025-12-17 06:58:00,2025-12-17 16:48:00,True
2025-12-17 08:00:00,5.6,88,0.0,1.5,29,0.0,osaka,2025-12-17,2025-12-17 06:58:00,2025-12-17 16:48:00,True
2025-12-17 09:00:00,6.6,84,0.0,1.9,54,0.0,osaka,2025-12-17,2025-12-17 06:58:00,2025-12-17 16:48:00,True
2025-12-17 10:00:00,8.1,71,0.0,1.8,66,0.0,osaka,2025-12-17,2025-12-17 06:58:00,2025-12-17 16:48:00,True
2025-12-17 11:00:00,8.9,73,0.1,1.4,81,0.0,osaka,2025-12-17,2025-12-17 06:58:00,2025-12-17 16:48:00,True
2025-12-17 12:00:00,9.8,79,0.1,1.3,81,0.0,osaka,2025-12-17,2025-12-17 06:58:00,2025-12-17 16:48:00,True
2025-12-17 13:00:00,10.6,88,0.8,2.6,57,0.0,osaka,2025-12-17,2025-12-17 06:58:00,2025-12-17 16:48:00,True
2025-12-17 14:00:00,10.6,92,1.0,3.8,87,0.0,osaka,2025-12-17,2025-12-17 06:58:00,2025-12-17 16:48:00,True
2025-12-17 15:00:00,10.4,91,1.3,3.3,81,0.0,osaka,2025-12-17,2025-12-17 06:58:00,2025-12-17 16:48:00,True
2025-12-17 16:00:00,10.3,93,1.8,3.3,87,0.0,osaka,2025-12-17,2025-12-17 06:58:00,2025-12-17 16:48:00,True
2025-12-17 17:00:00,9.8,96,3.6,2.9,81,0.0,osaka,2025-12-17,2025-12-17 06:58:00,2025-12-17 16:48:00,False
2025-12-17 18:00:00,9.4,97,1.3,3.6,53,0.0,osaka,2025-12-17,2025-12-17 06:58:00,2025-12-17 16:48:00,False
2025-12-17 19:00:00,8.9,98,0.0,3.3,51,0.0,osaka,2025-12-17,2025-12-17 06:58:00,2025-12-17 16:48:00,False
2025-12-17 20:00:00,9.1,97,0.0,1.3,25,0.0,osaka,2025-12-17,2025-12-17 06:58:00,2025-12-17 16:48:00,False
2025-12-17 21:00:00,8.6,98,0.0,1.5,8,0.0,osaka,2025-12-17,2025-12-17 06:58:00,2025-12-17 16:48:00,False
2025-12-17 22:00:00,7.8,99,0.0,3.9,13,0.0,osaka,2025-12-17,2025-12-17 06:58:00,2025-12-17 16:48:00,False
2025-12-17 23:00:00,7.6,99,0.0,3.6,29,0.0,osaka,2025-12-17,2025-12-17 06:58:00,2025-12-17 16:48:00,False
2025-12-18 00:00:00,7.6,95,0.0,4.1,8,0.0,osaka,2025-12-18,2025-12-18 06:59:00,2025-12-18 16:49:00,False
2025-12-18 01:00:00,7.1,95,0.0,4.0,35,0.0,osaka,2025-12-18,2025-12-18 06:59:00,2025-12-18 16:49:00,False
2025-12-18 02:00:00,7.3,92,0.0,4.8,41,0.0,osaka,2025-12-18,2025-12-18 06:59:00,2025-12-18 16:49:00,False
2025-12-18 03:00:00,7.6,88,0.0,4.7,46,0.0,osaka,2025-12-18,2025-12-18 06:59:00,2025-12-18 16:49:00,False
2025-12-18 04:00:00,7.2,89,0.0,4.5,43,0.0,osaka,2025-12-18,2025-12-18 06:59:00,2025-12-18 16:49:00,False
2025-12-18 05:00:00,7.1,88,0.0,4.2,40,0.0,osaka,2025-12-18,2025-12-18 06:59:00,2025-12-18 16:49:00,False
2025-12-18 06:00:00,6.8,89,0.0,3.8,17,0.0,osaka,2025-12-18,2025-12-18 06:59:00,2025-12-18 16:49:00,False
2025-12-18 07:00:00,6.4,90,0.0,3.8,17,0.0,osaka,2025-12-18,2025-12-18 06:59:00,2025-12-18 16:49:00,True
2025-12-18 08:00:00,6.8,88,0.0,2.6,13,0.0,osaka,2025-12-18,2025-12-18 06:59:00,2025-12-18 16:49:00,True
2025-12-18 09:00:00,7.7,86,0.0,2.5,8,0.0,osaka,2025-12-18,2025-12-18 06:59:00,2025-12-18 16:49:00,True
2025-12-18 10:00:00,9.1,78,0.0,3.4,6,0.0,osaka,2025-12-18,2025-12-18 06:59:00,2025-12-18 16:49:00,True
2025-12-18 11:00:00,10.6,69,0.0,4.5,11,0.0,osaka,2025-12-18,2025-12-18 06:59:00,2025-12-18 16:49:00,True
2025-12-18 12:00:00,11.7,64,0.0,4.6,19,0.0,osaka,2025-12-18,2025-12-18 06:59:00,2025-12-18 16:49:00,True
2025-12-18 13:00:00,12.3,60,0.0,5.3,34,0.0,osaka,2025-12-18,2025-12-18 06:59:00,2025-12-18 16:49:00,True
2025-12-18 14:00:00,12.5,56,0.0,6.7,33,0.0,osaka,2025-12-18,2025-12-18 06:59:00,2025-12-18 16:49:00,True
2025-12-18 15:00:00,12.3,52,0.0,8.8,32,0.0,osaka,2025-12-18,2025-12-18 06:59:00,2025-12-18 16:49:00,True
2025-12-18 16:00:00,11.7,52,0.0,11.7,31,0.0,osaka,2025-12-18,2025-12-18 06:59:00,2025-12-18 16:49:00,True
2025-12-18 17:00:00,10.9,56,0.0,12.4,16,0.0,osaka,2025-12-18,2025-12-18 06:59:00,2025-12-18 16:49:00,False
2025-12-18 18:00:00,10.1,59,0.0,11.6,0,0.0,osaka,2025-12-18,2025-12-18 06:59:00,2025-12-18 16:49:00,False
2025-12-18 19:00:00,9.4,63,0.0,9.7,0,0.0,osaka,2025-12-18,2025-12-18 06:59:00,2025-12-18 16:49:00,False
2025-12-18 20:00:00,9.1,65,0.0,7.3,0,0.0,osaka,2025-12-18,2025-12-18 06:59:00,2025-12-18 16:49:00,False
2025-12-18 21:00:00,8.8,67,0.0,5.9,0,0.0,osaka,2025-12-18,2025-12-18 06:59:00,2025-12-18 16:49:00,False
2025-12-18 22:00:00,8.4,71,0.0,5.4,0,0.0,osaka,2025-12-18,2025-12-18 06:59:00,2025-12-18 16:49:00,False
2025-12-18 23:00:00,8.1,75,0.0,5.1,0,0.0,osaka,2025-12-18,2025-12-18 06:59:00,2025-12-18 16:49:00,False
2025-12-19 00:00:00,7.7,79,0.0,4.9,0,0.0,osaka,2025-12-19,2025-12-19 07:00:00,2025-12-19 16:49:00,False
2025-12-19 01:00:00,7.3,81,0.0,4.9,0,0.0,osaka,2025-12-19,2025-12-19 07:00:00,2025-12-19 16:49:00,False
2025-12-19 02:00:00,6.9,82,0.0,5.1,0,0.0,osaka,2025-12-19,2025-12-19 07:00:00,2025-12-19 16:49:00,False
2025-12-19 03:00:00,6.5,83,0.0,5.4,0,0.0,osaka,2025-12-19,2025-12-19 07:00:00,2025-12-19 16:49:00,False
2025-12-19 04:00:00,6.2,83,0.0,5.4,9,0.0,osaka,2025-12-19,2025-12-19 07:00:00,2025-12-19 16:49:00,False
2025-12-19 05:00:00,6.0,83,0.0,4.9,18,0.0,osaka,2025-12-19,2025-12-19 07:00:00,2025-12-19 16:49:00,False
2025-12-19 06:00:00,5.9,82,0.0,4.9,27,0.0,osaka,2025-12-19,2025-12-19 07:00:00,2025-12-19 16:49:00,False
2025-12-19 07:00:00,6.0,81,0.0,5.1,28,0.0,osaka,2025-12-19,2025-12-19 07:00:00,2025-12-19 16:49:00,True
2025-12-19 08:00:00,6.2,79,0.0,5.4,29,0.0,osaka,2025-12-19,2025-12-19 07:00:00,2025-12-19 16:49:00,True
2025-12-19 09:00:00,6.8,75,0.0,5.8,30,0.0,osaka,2025-12-19,2025-12-19 07:00:00,2025-12-19 16:49:00,True
2025-12-19 10:00:00,8.1,68,0.0,5.3,53,0.0,osaka,2025-12-19,2025-12-19 07:00:00,2025-12-19 16:49:00,True
2025-12-19 11:00:00,9.7,60,0.0,4.7,77,0.0,osaka,2025-12-19,2025-12-19 07:00:00,2025-12-19 16:49:00,True
2025-12-19 12:00:00,11.2,53,0.0,4.1,100,0.0,osaka,2025-12-19,2025-12-19 07:00:00,2025-12-19 16:49:00,True
2025-12-19 13:00:00,12.4,48,0.0,4.1,71,0.0,osaka,2025-12-19,2025-12-19 07:00:00,2025-12-19 16:49:00,True
2025-12-19 14:00:00,13.4,44,0.0,4.6,42,0.0,osaka,2025-12-19,2025-12-19 07:00:00,2025-12-19 16:49:00,True
2025-12-19 15:00:00,14.1,43,0.0,4.6,13,0.0,osaka,2025-12-19,2025-12-19 07:00:00,2025-12-19 16:49:00,True
2025-12-19 16:00:00,14.3,44,0.0,3.8,42,0.0,osaka,2025-12-19,2025-12-19 07:00:00,2025-12-19 16:49:00,True
2025-12-19 17:00:00,14.2,48,0.0,3.0,71,0.0,osaka,2025-12-19,2025-12-19 07:00:00,2025-12-19 16:49:00,False
2025-12-19 18:00:00,13.9,52,0.0,3.2,100,0.0,osaka,2025-12-19,2025-12-19 07:00:00,2025-12-19 16:49:00,False
2025-12-19 19:00:00,13.4,58,0.0,3.8,100,0.0,osaka,2025-12-19,2025-12-19 07:00:00,2025-12-19 16:49:00,False
2025-12-19 20:00:00,12.6,65,0.0,4.9,100,0.0,osaka,2025-12-19,2025-12-19 07:00:00,2025-12-19 16:49:00,False
2025-12-19 21:00:00,12.1,71,0.0,5.9,100,0.0,osaka,2025-12-19,2025-12-19 07:00:00,2025-12-19 16:49:00,False
2025-12-19 22:00:00,12.0,75,0.1,5.2,100,0.0,osaka,2025-12-19,2025-12-19 07:00:00,2025-12-19 16:49:00,False
2025-12-19 23:00:00,12.1,78,0.1,4.1,100,0.0,osaka,2025-12-19,2025-12-19 07:00:00,2025-12-19 16:49:00,False
2025-12-20 00:00:00,12.2,81,0.1,4.0,100,0.0,osaka,2025-12-20,2025-12-20 07:00:00,2025-12-20 16:50:00,False
2025-12-20 01:00:00,12.3,84,0.1,4.0,100,0.0,osaka,2025-12-20,2025-12-20 07:00:00,2025-12-20 16:50:00,False
2025-12-20 02:00:00,12.5,86,0.1,4.3,100,0.0,osaka,2025-12-20,2025-12-20 07:00:00,2025-12-20 16:50:00,False
2025-12-20 03:00:00,12.7,87,0.1,4.6,100,0.0,osaka,2025-12-20,2025-12-20 07:00:00,2025-12-20 16:50:00,False
2025-12-20 04:00:00,12.8,87,0.0,4.7,99,0.0,osaka,2025-12-20,2025-12-20 07:00:00,2025-12-20 16:50:00,False
2025-12-20 05:00:00,12.9,86,0.0,5.1,98,0.0,osaka,2025-12-20,2025-12-20 07:00:00,2025-12-20 16:50:00,False
2025-12-20 06:00:00,13.1,85,0.0,6.0,97,0.0,osaka,2025-12-20,2025-12-20 07:00:00,2025-12-20 16:50:00,False
2025-12-20 07:00:00,13.4,84,0.0,6.6,78,0.0,osaka,2025-12-20,2025-12-20 07:00:00,2025-12-20 16:50:00,True
2025-12-20 08:00:00,13.7,83,0.0,7.4,59,0.0,osaka,2025-12-20,2025-12-20 07:00:00,2025-12-20 16:50:00,True
2025-12-20 09:00:00,14.3,81,0.0,8.3,40,0.0,osaka,2025-12-20,2025-12-20 07:00:00,2025-12-20 16:50:00,True
2025-12-20 10:00:00,15.2,78,0.0,9.3,46,0.0,osaka,2025-12-20,2025-12-20 07:00:00,2025-12-20 16:50:00,True
2025-12-20 11:00:00,16.3,74,0.0,10.2,52,0.0,osaka,2025-12-20,2025-12-20 07:00:00,2025-12-20 16:50:00,True
2025-12-20 12:00:00,17.2,71,0.0,11.2,58,0.0,osaka,2025-12-20,2025-12-20 07:00:00,2025-12-20 16:50:00,True
2025-12-20 13:00:00,17.5,70,0.0,12.0,55,0.0,osaka,2025-12-20,2025-12-20 07:00:00,2025-12-20 16:50:00,True
2025-12-20 14:00:00,17.6,70,0.0,12.5,52,0.0,osaka,2025-12-20,2025-12-20 07:00:00,2025-12-20 16:50:00,True
2025-12-20 15:00:00,17.7,70,0.0,12.7,49,0.0,osaka,2025-12-20,2025-12-20 07:00:00,2025-12-20 16:50:00,True
2025-12-20 16:00:00,17.1,71,0.0,10.9,35,0.0,osaka,2025-12-20,2025-12-20 07:00:00,2025-12-20 16:50:00,True
2025-12-20 17:00:00,16.4,74,0.0,9.4,38,0.0,osaka,2025-12-20,2025-12-20 07:00:00,2025-12-20 16:50:00,False
2025-12-20 18:00:00,15.8,77,0.0,7.9,40,0.0,osaka,2025-12-20,2025-12-20 07:00:00,2025-12-20 16:50:00,False
2025-12-20 19:00:00,15.2,80,0.0,7.1,42,0.0,osaka,2025-12-20,2025-12-20 07:00:00,2025-12-20 16:50:00,False
2025-12-20 20:00:00,14.7,83,0.0,7.1,44,0.0,osaka,2025-12-20,2025-12-20 07:00:00,2025-12-20 16:50:00,False
2025-12-20 21:00:00,14.3,85,0.0,6.6,46,0.0,osaka,2025-12-20,2025-12-20 07:00:00,2025-12-20 16:50:00,False
2025-12-20 22:00:00,14.1,86,0.0,5.9,43,0.0,osaka,2025-12-20,2025-12-20 07:00:00,2025-12-20 16:50:00,False
2025-12-20 23:00:00,14.0,87,0.0,5.5,39,0.0,osaka,2025-12-20,2025-12-20 07:00:00,2025-12-20 16:50:00,False
2025-12-21 00:00:00,13.8,88,0.0,4.8,36,0.0,osaka,2025-12-21,2025-12-21 07:01:00,2025-12-21 16:50:00,False
2025-12-21 01:00:00,13.6,88,0.0,4.0,48,0.0,osaka,2025-12-21,2025-12-21 07:01:00,2025-12-21 16:50:00,False
2025-12-21 02:00:00,13.4,89,0.0,3.4,59,0.0,osaka,2025-12-21,2025-12-21 07:01:00,2025-12-21 16:50:00,False
2025-12-21 03:00:00,13.2,89,0.0,3.1,71,0.0,osaka,2025-12-21,2025-12-21 07:01:00,2025-12-21 16:50:00,False
2025-12-21 04:00:00,12.9,90,0.0,3.4,59,0.0,osaka,2025-12-21,2025-12-21 07:01:00,2025-12-21 16:50:00,False
2025-12-21 05:00:00,12.6,91,0.0,3.9,46,0.0,osaka,2025-12-21,2025-12-21 07:01:00,2025-12-21 16:50:00,False
2025-12-21 06:00:00,12.4,92,0.0,4.2,34,0.0,osaka,2025-12-21,2025-12-21 07:01:00,2025-12-21 16:50:00,False
2025-12-21 07:00:00,12.2,93,0.0,3.9,39,0.0,osaka,2025-12-21,2025-12-21 07:01:00,2025-12-21 16:50:00,False
2025-12-21 08:00:00,12.2,94,0.0,3.4,43,0.0,osaka,2025-12-21,2025-12-21 07:01:00,2025-12-21 16:50:00,True
2025-12-21 09:00:00,12.5,93,0.0,2.6,48,0.0,osaka,2025-12-21,2025-12-21 07:01:00,2025-12-21 16:50:00,True
2025-12-21 10:00:00,13.4,90,0.0,1.8,55,0.0,osaka,2025-12-21,2025-12-21 07:01:00,2025-12-21 16:50:00,True
2025-12-21 11:00:00,14.6,85,0.0,1.0,62,0.0,osaka,2025-12-21,2025-12-21 07:01:00,2025-12-21 16:50:00,True
2025-12-21 12:00:00,15.6,81,0.0,0.5,69,0.0,osaka,2025-12-21,2025-12-21 07:01:00,2025-12-21 16:50:00,True
2025-12-21 13:00:00,16.3,79,0.0,0.7,63,0.0,osaka,2025-12-21,2025-12-21 07:01:00,2025-12-21 16:50:00,True
2025-12-21 14:00:00,17.0,77,0.0,2.2,57,0.0,osaka,2025-12-21,2025-12-21 07:01:00,2025-12-21 16:50:00,True
2025-12-21 15:00:00,17.3,77,0.0,2.9,51,0.0,osaka,2025-12-21,2025-12-21 07:01:00,2025-12-21 16:50:00,True
2025-12-21 16:00:00,17.1,79,0.0,2.4,65,0.0,osaka,2025-12-21,2025-12-21 07:01:00,2025-12-21 16:50:00,True
2025-12-21 17:00:00,16.6,83,0.0,1.5,80,0.0,osaka,2025-12-21,2025-12-21 07:01:00,2025-12-21 16:50:00,False
2025-12-21 18:00:00,16.2,86,0.0,1.8,94,0.0,osaka,2025-12-21,2025-12-21 07:01:00,2025-12-21 16:50:00,False
2025-12-21 19:00:00,16.1,88,0.1,1.6,95,0.0,osaka,2025-12-21,2025-12-21 07:01:00,2025-12-21 16:50:00,False
2025-12-21 20:00:00,16.0,89,0.1,2.9,96,0.0,osaka,2025-12-21,2025-12-21 07:01:00,2025-12-21 16:50:00,False
2025-12-21 21:00:00,15.8,89,0.1,3.7,97,0.0,osaka,2025-12-21,2025-12-21 07:01:00,2025-12-21 16:50:00,False
2025-12-21 22:00:00,15.2,88,2.8,2.9,98,0.0,osaka,2025-12-21,2025-12-21 07:01:00,2025-12-21 16:50:00,False
2025-12-21 23:00:00,14.5,85,2.8,5.5,99,0.0,osaka,2025-12-21,2025-12-21 07:01:00,2025-12-21 16:50:00,False
2025-12-22 00:00:00,13.9,83,2.8,8.1,100,0.0,osaka,2025-12-22,2025-12-22 07:01:00,2025-12-22 16:51:00,False
2025-12-22 01:00:00,13.7,81,1.0,8.9,100,0.0,osaka,2025-12-22,2025-12-22 07:01:00,2025-12-22 16:51:00,False
2025-12-22 02:00:00,13.7,79,1.0,8.9,100,0.0,osaka,2025-12-22,2025-12-22 07:01:00,2025-12-22 16:51:00,False
2025-12-22 03:00:00,13.6,76,1.0,9.1,100,0.0,osaka,2025-12-22,2025-12-22 07:01:00,2025-12-22 16:51:00,False
2025-12-22 04:00:00,13.1,73,0.0,9.1,99,0.0,osaka,2025-12-22,2025-12-22 07:01:00,2025-12-22 16:51:00,False
2025-12-22 05:00:00,12.4,69,0.0,8.9,99,0.0,osaka,2025-12-22,2025-12-22 07:01:00,2025-12-22 16:51:00,False
2025-12-22 06:00:00,12.0,67,0.0,8.1,98,0.0,osaka,2025-12-22,2025-12-22 07:01:00,2025-12-22 16:51:00,False
2025-12-22 07:00:00,11.9,67,0.0,6.3,93,0.0,osaka,2025-12-22,2025-12-22 07:01:00,2025-12-22 16:51:00,False
2025-12-22 08:00:00,12.0,69,0.0,4.1,87,0.0,osaka,2025-12-22,2025-12-22 07:01:00,2025-12-22 16:51:00,True
2025-12-22 09:00:00,12.2,69,0.0,3.9,82,0.0,osaka,2025-12-22,2025-12-22 07:01:00,2025-12-22 16:51:00,True
2025-12-22 10:00:00,12.8,66,0.0,6.4,71,0.0,osaka,2025-12-22,2025-12-22 07:01:00,2025-12-22 16:51:00,True
2025-12-22 11:00:00,13.7,61,0.0,11.8,59,0.0,osaka,2025-12-22,2025-12-22 07:01:00,2025-12-22 16:51:00,True
2025-12-22 12:00:00,14.1,58,0.0,16.4,48,0.0,osaka,2025-12-22,2025-12-22 07:01:00,2025-12-22 16:51:00,True
2025-12-22 13:00:00,14.0,58,0.0,19.0,50,0.0,osaka,2025-12-22,2025-12-22 07:01:00,2025-12-22 16:51:00,True
2025-12-22 14:00:00,13.6,59,0.0,20.2,51,0.0,osaka,2025-12-22,2025-12-22 07:01:00,2025-12-22 16:51:00,True
2025-12-22 15:00:00,13.0,60,0.0,21.0,53,0.0,osaka,2025-12-22,2025-12-22 07:01:00,2025-12-22 16:51:00,True
2025-12-22 16:00:00,12.2,61,0.0,21.1,67,0.0,osaka,2025-12-22,2025-12-22 07:01:00,2025-12-22 16:51:00,True
2025-12-22 17:00:00,11.3,63,0.0,20.5,81,0.0,osaka,2025-12-22,2025-12-22 07:01:00,2025-12-22 16:51:00,False
2025-12-22 18:00:00,10.5,63,0.0,19.2,95,0.0,osaka,2025-12-22,2025-12-22 07:01:00,2025-12-22 16:51:00,False
2025-12-22 19:00:00,9.2,60,0.0,18.0,70,0.0,osaka,2025-12-22,2025-12-22 07:01:00,2025-12-22 16:51:00,False
2025-12-22 20:00:00,8.1,58,0.0,16.4,46,0.0,osaka,2025-12-22,2025-12-22 07:01:00,2025-12-22 16:51:00,False
2025-12-22 21:00:00,7.1,59,0.0,15.9,28,0.0,osaka,2025-12-22,2025-12-22 07:01:00,2025-12-22 16:51:00,False
2025-12-22 22:00:00,6.3,63,0.0,17.7,31,0.0,osaka,2025-12-22,2025-12-22 07:01:00,2025-12-22 16:51:00,False
2025-12-22 23:00:00,6.4,67,0.0,18.9,64,0.0,osaka,2025-12-22,2025-12-22 07:01:00,2025-12-22 16:51:00,False
2025-12-16 00:00:00,4.8,87,0.0,1.5,44,0.0,kyoto,2025-12-16,2025-12-16 06:58:00,2025-12-16 16:46:00,False
2025-12-16 01:00:00,4.4,91,0.0,1.5,34,0.0,kyoto,2025-12-16,2025-12-16 06:58:00,2025-12-16 16:46:00,False
2025-12-16 02:00:00,4.2,90,0.0,1.5,29,0.0,kyoto,2025-12-16,2025-12-16 06:58:00,2025-12-16 16:46:00,False
2025-12-16 03:00:00,4.1,90,0.0,1.9,26,0.0,kyoto,2025-12-16,2025-12-16 06:58:00,2025-12-16 16:46:00,False
2025-12-16 04:00:00,3.8,91,0.0,2.8,17,0.0,kyoto,2025-12-16,2025-12-16 06:58:00,2025-12-16 16:46:00,False
2025-12-16 05:00:00,3.4,91,0.0,3.0,6,0.0,kyoto,2025-12-16,2025-12-16 06:58:00,2025-12-16 16:46:00,False
2025-12-16 06:00:00,2.8,92,0.0,2.9,0,0.0,kyoto,2025-12-16,2025-12-16 06:58:00,2025-12-16 16:46:00,False
2025-12-16 07:00:00,2.8,89,0.0,1.1,0,0.0,kyoto,2025-12-16,2025-12-16 06:58:00,2025-12-16 16:46:00,True
2025-12-16 08:00:00,3.0,91,0.0,1.8,0,0.0,kyoto,2025-12-16,2025-12-16 06:58:00,2025-12-16 16:46:00,True
2025-12-16 09:00:00,4.1,82,0.0,1.8,0,0.0,kyoto,2025-12-16,2025-12-16 06:58:00,2025-12-16 16:46:00,True
2025-12-16 10:00:00,5.8,74,0.0,2.5,0,0.0,kyoto,2025-12-16,2025-12-16 06:58:00,2025-12-16 16:46:00,True
2025-12-16 11:00:00,8.1,65,0.0,4.4,0,0.0,kyoto,2025-12-16,2025-12-16 06:58:00,2025-12-16 16:46:00,True
2025-12-16 12:00:00,10.1,57,0.0,5.4,4,0.0,kyoto,2025-12-16,2025-12-16 06:58:00,2025-12-16 16:46:00,True
2025-12-16 13:00:00,11.1,52,0.0,6.2,15,0.0,kyoto,2025-12-16,2025-12-16 06:58:00,2025-12-16 16:46:00,True
2025-12-16 14:00:00,11.6,51,0.0,6.2,21,0.0,kyoto,2025-12-16,2025-12-16 06:58:00,2025-12-16 16:46:00,True
2025-12-16 15:00:00,11.4,53,0.0,6.6,20,0.0,kyoto,2025-12-16,2025-12-16 06:58:00,2025-12-16 16:46:00,True
2025-12-16 16:00:00,10.8,59,0.0,6.2,17,0.0,kyoto,2025-12-16,2025-12-16 06:58:00,2025-12-16 16:46:00,True
2025-12-16 17:00:00,9.6,66,0.0,4.0,15,0.0,kyoto,2025-12-16,2025-12-16 06:58:00,2025-12-16 16:46:00,False
2025-12-16 18:00:00,8.4,79,0.0,2.1,27,0.0,kyoto,2025-12-16,2025-12-16 06:58:00,2025-12-16 16:46:00,False
2025-12-16 19:00:00,7.9,76,0.0,2.3,28,0.0,kyoto,2025-12-16,2025-12-16 06:58:00,2025-12-16 16:46:00,False
2025-12-16 20:00:00,7.2,84,0.0,2.9,27,0.0,kyoto,2025-12-16,2025-12-16 06:58:00,2025-12-16 16:46:00,False
2025-12-16 21:00:00,6.9,83,0.0,2.3,29,0.0,kyoto,2025-12-16,2025-12-16 06:58:00,2025-12-16 16:46:00,False
2025-12-16 22:00:00,6.9,82,0.0,1.8,35,0.0,kyoto,2025-12-16,2025-12-16 06:58:00,2025-12-16 16:46:00,False
2025-12-16 23:00:00,6.2,87,0.0,3.4,27,0.0,kyoto,2025-12-16,2025-12-16 06:58:00,2025-12-16 16:46:00,False
2025-12-17 00:00:00,5.7,87,0.0,3.4,3,0.0,kyoto,2025-12-17,2025-12-17 06:58:00,2025-12-17 16:47:00,False
2025-12-17 01:00:00,5.2,88,0.0,3.6,3,0.0,kyoto,2025-12-17,2025-12-17 06:58:00,2025-12-17 16:47:00,False
2025-12-17 02:00:00,5.1,87,0.0,4.0,6,0.0,kyoto,2025-12-17,2025-12-17 06:58:00,2025-12-17 16:47:00,False
2025-12-17 03:00:00,4.8,88,0.0,2.9,4,0.0,kyoto,2025-12-17,2025-12-17 06:58:00,2025-12-17 16:47:00,False
2025-12-17 04:00:00,4.3,90,0.0,3.7,5,0.0,kyoto,2025-12-17,2025-12-17 06:58:00,2025-12-17 16:47:00,False
2025-12-17 05:00:00,4.2,90,0.0,4.3,10,0.0,kyoto,2025-12-17,2025-12-17 06:58:00,2025-12-17 16:47:00,False
2025-12-17 06:00:00,4.2,90,0.0,4.0,23,0.0,kyoto,2025-12-17,2025-12-17 06:58:00,2025-12-17 16:47:00,False
2025-12-17 07:00:00,4.3,89,0.0,4.2,28,0.0,kyoto,2025-12-17,2025-12-17 06:58:00,2025-12-17 16:47:00,True
2025-12-17 08:00:00,4.9,87,0.0,2.9,54,0.0,kyoto,2025-12-17,2025-12-17 06:58:00,2025-12-17 16:47:00,True
2025-12-17 09:00:00,5.8,84,0.0,1.4,59,0.0,kyoto,2025-12-17,2025-12-17 06:58:00,2025-12-17 16:47:00,True
2025-12-17 10:00:00,8.1,70,0.0,1.3,57,0.0,kyoto,2025-12-17,2025-12-17 06:58:00,2025-12-17 16:47:00,True
2025-12-17 11:00:00,8.4,68,0.0,1.1,98,0.0,kyoto,2025-12-17,2025-12-17 06:58:00,2025-12-17 16:47:00,True
2025-12-17 12:00:00,9.1,73,0.1,1.4,67,0.0,kyoto,2025-12-17,2025-12-17 06:58:00,2025-12-17 16:47:00,True
2025-12-17 13:00:00,8.9,85,1.0,3.4,66,0.0,kyoto,2025-12-17,2025-12-17 06:58:00,2025-12-17 16:47:00,True
2025-12-17 14:00:00,9.4,91,0.7,3.0,99,0.0,kyoto,2025-12-17,2025-12-17 06:58:00,2025-12-17 16:47:00,True
2025-12-17 15:00:00,9.4,94,2.2,2.5,82,0.0,kyoto,2025-12-17,2025-12-17 06:58:00,2025-12-17 16:47:00,True
2025-12-17 16:00:00,9.4,94,2.5,4.1,67,0.0,kyoto,2025-12-17,2025-12-17 06:58:00,2025-12-17 16:47:00,True
2025-12-17 17:00:00,8.8,96,0.3,3.5,69,0.0,kyoto,2025-12-17,2025-12-17 06:58:00,2025-12-17 16:47:00,False
2025-12-17 18:00:00,8.2,97,0.0,2.9,43,0.0,kyoto,2025-12-17,2025-12-17 06:58:00,2025-12-17 16:47:00,False
2025-12-17 19:00:00,7.8,97,0.0,3.2,36,0.0,kyoto,2025-12-17,2025-12-17 06:58:00,2025-12-17 16:47:00,False
2025-12-17 20:00:00,7.2,98,0.0,4.6,9,0.0,kyoto,2025-12-17,2025-12-17 06:58:00,2025-12-17 16:47:00,False
2025-12-17 21:00:00,6.8,99,0.0,4.0,22,0.0,kyoto,2025-12-17,2025-12-17 06:58:00,2025-12-17 16:47:00,False
2025-12-17 22:00:00,6.3,100,0.0,3.9,98,0.0,kyoto,2025-12-17,2025-12-17 06:58:00,2025-12-17 16:47:00,False
2025-12-17 23:00:00,6.2,99,0.0,2.5,100,0.0,kyoto,2025-12-17,2025-12-17 06:58:00,2025-12-17 16:47:00,False
2025-12-18 00:00:00,6.3,99,0.0,2.1,76,0.0,kyoto,2025-12-18,2025-12-18 06:59:00,2025-12-18 16:47:00,False
2025-12-18 01:00:00,6.7,96,0.0,1.8,75,0.0,kyoto,2025-12-18,2025-12-18 06:59:00,2025-12-18 16:47:00,False
2025-12-18 02:00:00,7.2,89,0.0,3.6,62,0.0,kyoto,2025-12-18,2025-12-18 06:59:00,2025-12-18 16:47:00,False
2025-12-18 03:00:00,6.9,87,0.0,3.6,36,0.0,kyoto,2025-12-18,2025-12-18 06:59:00,2025-12-18 16:47:00,False
2025-12-18 04:00:00,6.2,89,0.0,3.4,33,0.0,kyoto,2025-12-18,2025-12-18 06:59:00,2025-12-18 16:47:00,False
2025-12-18 05:00:00,5.7,91,0.0,3.3,12,0.0,kyoto,2025-12-18,2025-12-18 06:59:00,2025-12-18 16:47:00,False
2025-12-18 06:00:00,5.6,88,0.0,2.9,11,0.0,kyoto,2025-12-18,2025-12-18 06:59:00,2025-12-18 16:47:00,False
2025-12-18 07:00:00,5.2,89,0.0,4.0,13,0.0,kyoto,2025-12-18,2025-12-18 06:59:00,2025-12-18 16:47:00,True
2025-12-18 08:00:00,5.8,87,0.0,3.6,15,0.0,kyoto,2025-12-18,2025-12-18 06:59:00,2025-12-18 16:47:00,True
2025-12-18 09:00:00,7.4,84,0.0,2.5,11,0.0,kyoto,2025-12-18,2025-12-18 06:59:00,2025-12-18 16:47:00,True
2025-12-18 10:00:00,9.8,69,0.0,2.3,10,0.0,kyoto,2025-12-18,2025-12-18 06:59:00,2025-12-18 16:47:00,True
2025-12-18 11:00:00,11.3,61,0.0,4.3,18,0.0,kyoto,2025-12-18,2025-12-18 06:59:00,2025-12-18 16:47:00,True
2025-12-18 12:00:00,12.1,58,0.0,5.4,18,0.0,kyoto,2025-12-18,2025-12-18 06:59:00,2025-12-18 16:47:00,True
2025-12-18 13:00:00,11.7,57,0.0,7.1,26,0.0,kyoto,2025-12-18,2025-12-18 06:59:00,2025-12-18 16:47:00,True
2025-12-18 14:00:00,10.9,56,0.0,7.9,35,0.0,kyoto,2025-12-18,2025-12-18 06:59:00,2025-12-18 16:47:00,True
2025-12-18 15:00:00,9.5,58,0.0,9.5,39,0.0,kyoto,2025-12-18,2025-12-18 06:59:00,2025-12-18 16:47:00,True
2025-12-18 16:00:00,7.4,63,0.0,9.9,40,0.0,kyoto,2025-12-18,2025-12-18 06:59:00,2025-12-18 16:47:00,True
2025-12-18 17:00:00,5.9,70,0.0,6.5,12,0.0,kyoto,2025-12-18,2025-12-18 06:59:00,2025-12-18 16:47:00,False
2025-12-18 18:00:00,4.7,76,0.0,3.8,19,0.0,kyoto,2025-12-18,2025-12-18 06:59:00,2025-12-18 16:47:00,False
2025-12-18 19:00:00,3.6,82,0.0,3.7,29,0.0,kyoto,2025-12-18,2025-12-18 06:59:00,2025-12-18 16:47:00,False
2025-12-18 20:00:00,3.0,84,0.0,3.9,26,0.0,kyoto,2025-12-18,2025-12-18 06:59:00,2025-12-18 16:47:00,False
2025-12-18 21:00:00,2.8,83,0.0,3.6,8,0.0,kyoto,2025-12-18,2025-12-18 06:59:00,2025-12-18 16:47:00,False
2025-12-18 22:00:00,2.6,83,0.0,3.1,5,0.0,kyoto,2025-12-18,2025-12-18 06:59:00,2025-12-18 16:47:00,False
2025-12-18 23:00:00,2.6,83,0.0,2.1,3,0.0,kyoto,2025-12-18,2025-12-18 06:59:00,2025-12-18 16:47:00,False
2025-12-19 00:00:00,2.6,82,0.0,1.5,0,0.0,kyoto,2025-12-19,2025-12-19 06:59:00,2025-12-19 16:48:00,False
2025-12-19 01:00:00,2.4,82,0.0,1.9,0,0.0,kyoto,2025-12-19,2025-12-19 06:59:00,2025-12-19 16:48:00,False
2025-12-19 02:00:00,2.1,82,0.0,2.9,0,0.0,kyoto,2025-12-19,2025-12-19 06:59:00,2025-12-19 16:48:00,False
2025-12-19 03:00:00,1.9,82,0.0,3.6,0,0.0,kyoto,2025-12-19,2025-12-19 06:59:00,2025-12-19 16:48:00,False
2025-12-19 04:00:00,1.6,82,0.0,3.3,0,0.0,kyoto,2025-12-19,2025-12-19 06:59:00,2025-12-19 16:48:00,False
2025-12-19 05:00:00,1.3,81,0.0,2.7,0,0.0,kyoto,2025-12-19,2025-12-19 06:59:00,2025-12-19 16:48:00,False
2025-12-19 06:00:00,1.4,80,0.0,2.1,0,0.0,kyoto,2025-12-19,2025-12-19 06:59:00,2025-12-19 16:48:00,False
2025-12-19 07:00:00,1.9,79,0.0,2.1,7,0.0,kyoto,2025-12-19,2025-12-19 06:59:00,2025-12-19 16:48:00,True
2025-12-19 08:00:00,2.8,78,0.0,1.9,15,0.0,kyoto,2025-12-19,2025-12-19 06:59:00,2025-12-19 16:48:00,True
2025-12-19 09:00:00,4.1,75,0.0,2.1,22,0.0,kyoto,2025-12-19,2025-12-19 06:59:00,2025-12-19 16:48:00,True
2025-12-19 10:00:00,6.4,66,0.0,2.4,48,0.0,kyoto,2025-12-19,2025-12-19 06:59:00,2025-12-19 16:48:00,True
2025-12-19 11:00:00,9.2,55,0.0,3.3,74,0.0,kyoto,2025-12-19,2025-12-19 06:59:00,2025-12-19 16:48:00,True
2025-12-19 12:00:00,11.2,48,0.0,4.3,100,0.0,kyoto,2025-12-19,2025-12-19 06:59:00,2025-12-19 16:48:00,True
2025-12-19 13:00:00,12.0,47,0.0,4.4,100,0.0,kyoto,2025-12-19,2025-12-19 06:59:00,2025-12-19 16:48:00,True
2025-12-19 14:00:00,12.0,50,0.0,4.1,100,0.0,kyoto,2025-12-19,2025-12-19 06:59:00,2025-12-19 16:48:00,True
2025-12-19 15:00:00,11.6,55,0.0,3.8,100,0.0,kyoto,2025-12-19,2025-12-19 06:59:00,2025-12-19 16:48:00,True
2025-12-19 16:00:00,11.0,61,0.0,3.3,95,0.0,kyoto,2025-12-19,2025-12-19 06:59:00,2025-12-19 16:48:00,True
2025-12-19 17:00:00,10.0,69,0.0,3.2,90,0.0,kyoto,2025-12-19,2025-12-19 06:59:00,2025-12-19 16:48:00,False
2025-12-19 18:00:00,9.1,76,0.0,3.0,85,0.0,kyoto,2025-12-19,2025-12-19 06:59:00,2025-12-19 16:48:00,False
2025-12-19 19:00:00,8.4,81,0.0,2.7,90,0.0,kyoto,2025-12-19,2025-12-19 06:59:00,2025-12-19 16:48:00,False
2025-12-19 20:00:00,7.9,85,0.0,3.1,95,0.0,kyoto,2025-12-19,2025-12-19 06:59:00,2025-12-19 16:48:00,False
2025-12-19 21:00:00,7.7,88,0.0,3.1,100,0.0,kyoto,2025-12-19,2025-12-19 06:59:00,2025-12-19 16:48:00,False
2025-12-19 22:00:00,8.3,89,0.2,3.1,100,0.0,kyoto,2025-12-19,2025-12-19 06:59:00,2025-12-19 16:48:00,False
2025-12-19 23:00:00,9.2,90,0.2,3.6,100,0.0,kyoto,2025-12-19,2025-12-19 06:59:00,2025-12-19 16:48:00,False
2025-12-20 00:00:00,10.0,90,0.2,4.0,100,0.0,kyoto,2025-12-20,2025-12-20 07:00:00,2025-12-20 16:48:00,False
2025-12-20 01:00:00,10.4,91,1.2,4.3,100,0.0,kyoto,2025-12-20,2025-12-20 07:00:00,2025-12-20 16:48:00,False
2025-12-20 02:00:00,10.5,92,1.2,4.3,100,0.0,kyoto,2025-12-20,2025-12-20 07:00:00,2025-12-20 16:48:00,False
2025-12-20 03:00:00,10.7,93,1.2,4.7,100,0.0,kyoto,2025-12-20,2025-12-20 07:00:00,2025-12-20 16:48:00,False
2025-12-20 04:00:00,10.8,93,0.3,5.1,100,0.0,kyoto,2025-12-20,2025-12-20 07:00:00,2025-12-20 16:48:00,False
2025-12-20 05:00:00,10.9,92,0.3,5.1,99,0.0,kyoto,2025-12-20,2025-12-20 07:00:00,2025-12-20 16:48:00,False
2025-12-20 06:00:00,11.1,91,0.3,5.4,99,0.0,kyoto,2025-12-20,2025-12-20 07:00:00,2025-12-20 16:48:00,False
2025-12-20 07:00:00,11.5,90,0.1,5.4,92,0.0,kyoto,2025-12-20,2025-12-20 07:00:00,2025-12-20 16:48:00,True
2025-12-20 08:00:00,11.9,90,0.1,5.8,85,0.0,kyoto,2025-12-20,2025-12-20 07:00:00,2025-12-20 16:48:00,True
2025-12-20 09:00:00,12.4,89,0.1,6.1,78,0.0,kyoto,2025-12-20,2025-12-20 07:00:00,2025-12-20 16:48:00,True
2025-12-20 10:00:00,12.9,87,0.0,6.9,85,0.0,kyoto,2025-12-20,2025-12-20 07:00:00,2025-12-20 16:48:00,True
2025-12-20 11:00:00,13.5,86,0.0,8.3,91,0.0,kyoto,2025-12-20,2025-12-20 07:00:00,2025-12-20 16:48:00,True
2025-12-20 12:00:00,13.9,84,0.0,9.2,98,0.0,kyoto,2025-12-20,2025-12-20 07:00:00,2025-12-20 16:48:00,True
2025-12-20 13:00:00,14.2,83,0.0,8.7,90,0.0,kyoto,2025-12-20,2025-12-20 07:00:00,2025-12-20 16:48:00,True
2025-12-20 14:00:00,14.3,82,0.0,7.6,81,0.0,kyoto,2025-12-20,2025-12-20 07:00:00,2025-12-20 16:48:00,True
2025-12-20 15:00:00,14.3,82,0.0,7.2,73,0.0,kyoto,2025-12-20,2025-12-20 07:00:00,2025-12-20 16:48:00,True
2025-12-20 16:00:00,14.0,83,0.0,8.0,80,0.0,kyoto,2025-12-20,2025-12-20 07:00:00,2025-12-20 16:48:00,True
2025-12-20 17:00:00,13.3,87,0.0,5.8,86,0.0,kyoto,2025-12-20,2025-12-20 07:00:00,2025-12-20 16:48:00,False
2025-12-20 18:00:00,12.7,91,0.0,4.0,92,0.0,kyoto,2025-12-20,2025-12-20 07:00:00,2025-12-20 16:48:00,False
2025-12-20 19:00:00,12.3,93,0.0,3.3,90,0.0,kyoto,2025-12-20,2025-12-20 07:00:00,2025-12-20 16:48:00,False
2025-12-20 20:00:00,12.1,94,0.0,3.3,88,0.0,kyoto,2025-12-20,2025-12-20 07:00:00,2025-12-20 16:48:00,False
2025-12-20 21:00:00,11.9,95,0.0,3.0,86,0.0,kyoto,2025-12-20,2025-12-20 07:00:00,2025-12-20 16:48:00,False
2025-12-20 22:00:00,11.5,96,0.0,2.7,84,0.0,kyoto,2025-12-20,2025-12-20 07:00:00,2025-12-20 16:48:00,False
2025-12-20 23:00:00,11.2,96,0.0,2.6,82,0.0,kyoto,2025-12-20,2025-12-20 07:00:00,2025-12-20 16:48:00,False
2025-12-21 00:00:00,10.8,97,0.0,2.5,80,0.0,kyoto,2025-12-21,2025-12-21 07:00:00,2025-12-21 16:48:00,False
2025-12-21 01:00:00,10.5,98,0.0,2.3,81,0.0,kyoto,2025-12-21,2025-12-21 07:00:00,2025-12-21 16:48:00,False
2025-12-21 02:00:00,10.3,99,0.0,1.8,81,0.0,kyoto,2025-12-21,2025-12-21 07:00:00,2025-12-21 16:48:00,False
2025-12-21 03:00:00,10.0,100,0.0,1.6,82,0.0,kyoto,2025-12-21,2025-12-21 07:00:00,2025-12-21 16:48:00,False
2025-12-21 04:00:00,9.7,100,0.0,1.9,88,0.0,kyoto,2025-12-21,2025-12-21 07:00:00,2025-12-21 16:48:00,False
2025-12-21 05:00:00,9.4,100,0.0,2.3,94,0.0,kyoto,2025-12-21,2025-12-21 07:00:00,2025-12-21 16:48:00,False
2025-12-21 06:00:00,9.3,100,0.0,2.6,100,0.0,kyoto,2025-12-21,2025-12-21 07:00:00,2025-12-21 16:48:00,False
2025-12-21 07:00:00,9.6,100,0.0,2.5,94,0.0,kyoto,2025-12-21,2025-12-21 07:00:00,2025-12-21 16:48:00,True
2025-12-21 08:00:00,10.1,100,0.0,2.2,88,0.0,kyoto,2025-12-21,2025-12-21 07:00:00,2025-12-21 16:48:00,True
2025-12-21 09:00:00,11.1,98,0.0,1.3,82,0.0,kyoto,2025-12-21,2025-12-21 07:00:00,2025-12-21 16:48:00,True
2025-12-21 10:00:00,12.9,91,0.0,1.3,79,0.0,kyoto,2025-12-21,2025-12-21 07:00:00,2025-12-21 16:48:00,True
2025-12-21 11:00:00,15.1,81,0.0,3.5,75,0.0,kyoto,2025-12-21,2025-12-21 07:00:00,2025-12-21 16:48:00,True
2025-12-21 12:00:00,16.8,74,0.0,5.4,72,0.0,kyoto,2025-12-21,2025-12-21 07:00:00,2025-12-21 16:48:00,True
2025-12-21 13:00:00,17.5,71,0.0,6.5,79,0.0,kyoto,2025-12-21,2025-12-21 07:00:00,2025-12-21 16:48:00,True
2025-12-21 14:00:00,17.6,71,0.0,7.0,87,0.0,kyoto,2025-12-21,2025-12-21 07:00:00,2025-12-21 16:48:00,True
2025-12-21 15:00:00,17.4,72,0.0,6.6,94,0.0,kyoto,2025-12-21,2025-12-21 07:00:00,2025-12-21 16:48:00,True
2025-12-21 16:00:00,16.8,75,0.0,4.5,96,0.0,kyoto,2025-12-21,2025-12-21 07:00:00,2025-12-21 16:48:00,True
2025-12-21 17:00:00,15.8,80,0.0,1.9,98,0.0,kyoto,2025-12-21,2025-12-21 07:00:00,2025-12-21 16:48:00,False
2025-12-21 18:00:00,15.0,84,0.0,1.5,100,0.0,kyoto,2025-12-21,2025-12-21 07:00:00,2025-12-21 16:48:00,False
2025-12-21 19:00:00,14.7,86,0.1,1.5,100,0.0,kyoto,2025-12-21,2025-12-21 07:00:00,2025-12-21 16:48:00,False
2025-12-21 20:00:00,14.5,88,0.1,2.3,99,0.0,kyoto,2025-12-21,2025-12-21 07:00:00,2025-12-21 16:48:00,False
2025-12-21 21:00:00,14.1,89,0.1,3.8,99,0.0,kyoto,2025-12-21,2025-12-21 07:00:00,2025-12-21 16:48:00,False
2025-12-21 22:00:00,13.4,89,3.4,4.6,99,0.0,kyoto,2025-12-21,2025-12-21 07:00:00,2025-12-21 16:48:00,False
2025-12-21 23:00:00,12.5,89,3.4,5.5,100,0.0,kyoto,2025-12-21,2025-12-21 07:00:00,2025-12-21 16:48:00,False
2025-12-22 00:00:00,11.7,89,3.4,6.4,100,0.0,kyoto,2025-12-22,2025-12-22 07:01:00,2025-12-22 16:49:00,False
2025-12-22 01:00:00,11.1,89,0.7,7.4,100,0.0,kyoto,2025-12-22,2025-12-22 07:01:00,2025-12-22 16:49:00,False
2025-12-22 02:00:00,10.7,89,0.7,8.3,100,0.0,kyoto,2025-12-22,2025-12-22 07:01:00,2025-12-22 16:49:00,False
2025-12-22 03:00:00,10.3,88,0.7,9.2,100,0.0,kyoto,2025-12-22,2025-12-22 07:01:00,2025-12-22 16:49:00,False
2025-12-22 04:00:00,9.6,87,0.0,9.4,98,0.0,kyoto,2025-12-22,2025-12-22 07:01:00,2025-12-22 16:49:00,False
2025-12-22 05:00:00,8.9,86,0.0,9.7,97,0.0,kyoto,2025-12-22,2025-12-22 07:01:00,2025-12-22 16:49:00,False
2025-12-22 06:00:00,8.5,85,0.0,9.5,95,0.0,kyoto,2025-12-22,2025-12-22 07:01:00,2025-12-22 16:49:00,False
2025-12-22 07:00:00,8.7,84,0.0,9.1,79,0.0,kyoto,2025-12-22,2025-12-22 07:01:00,2025-12-22 16:49:00,False
2025-12-22 08:00:00,9.3,82,0.0,9.0,63,0.0,kyoto,2025-12-22,2025-12-22 07:01:00,2025-12-22 16:49:00,True
2025-12-22 09:00:00,9.9,80,0.0,9.7,47,0.0,kyoto,2025-12-22,2025-12-22 07:01:00,2025-12-22 16:49:00,True
2025-12-22 10:00:00,10.6,76,0.0,11.7,50,0.0,kyoto,2025-12-22,2025-12-22 07:01:00,2025-12-22 16:49:00,True
2025-12-22 11:00:00,11.4,71,0.0,14.6,54,0.0,kyoto,2025-12-22,2025-12-22 07:01:00,2025-12-22 16:49:00,True
2025-12-22 12:00:00,11.7,68,0.0,17.0,57,0.0,kyoto,2025-12-22,2025-12-22 07:01:00,2025-12-22 16:49:00,True
2025-12-22 13:00:00,11.2,67,0.0,18.3,55,0.0,kyoto,2025-12-22,2025-12-22 07:01:00,2025-12-22 16:49:00,True
2025-12-22 14:00:00,10.3,67,0.0,19.2,52,0.0,kyoto,2025-12-22,2025-12-22 07:01:00,2025-12-22 16:49:00,True
2025-12-22 15:00:00,9.3,68,0.0,19.5,50,0.0,kyoto,2025-12-22,2025-12-22 07:01:00,2025-12-22 16:49:00,True
2025-12-22 16:00:00,8.2,69,0.0,18.8,67,0.0,kyoto,2025-12-22,2025-12-22 07:01:00,2025-12-22 16:49:00,True
2025-12-22 17:00:00,7.1,70,0.0,17.0,83,0.0,kyoto,2025-12-22,2025-12-22 07:01:00,2025-12-22 16:49:00,False
2025-12-22 18:00:00,6.3,69,0.0,15.7,100,0.0,kyoto,2025-12-22,2025-12-22 07:01:00,2025-12-22 16:49:00,False
2025-12-22 19:00:00,6.0,64,0.0,16.4,75,0.0,kyoto,2025-12-22,2025-12-22 07:01:00,2025-12-22 16:49:00,False
2025-12-22 20:00:00,5.9,61,0.0,16.8,50,0.0,kyoto,2025-12-22,2025-12-22 07:01:00,2025-12-22 16:49:00,False
2025-12-22 21:00:00,5.8,64,0.0,17.4,31,0.0,kyoto,2025-12-22,2025-12-22 07:01:00,2025-12-22 16:49:00,False
2025-12-22 22:00:00,5.8,72,0.1,17.8,36,0.0,kyoto,2025-12-22,2025-12-22 07:01:00,2025-12-22 16:49:00,False
2025-12-22 23:00:00,6.0,76,0.1,17.1,74,0.0,kyoto,2025-12-22,2025-12-22 07:01:00,2025-12-22 16:49:00,False
2025-12-16 00:00:00,4.9,69,0.0,4.9,49,0.0,kanazawa,2025-12-16,2025-12-16 06:58:00,2025-12-16 16:39:00,False
2025-12-16 01:00:00,4.7,71,0.0,5.1,53,0.0,kanazawa,2025-12-16,2025-12-16 06:58:00,2025-12-16 16:39:00,False
2025-12-16 02:00:00,4.8,72,0.0,4.6,74,0.0,kanazawa,2025-12-16,2025-12-16 06:58:00,2025-12-16 16:39:00,False
2025-12-16 03:00:00,5.1,71,0.0,4.8,75,0.0,kanazawa,2025-12-16,2025-12-16 06:58:00,2025-12-16 16:39:00,False
2025-12-16 04:00:00,5.2,71,0.0,4.8,49,0.0,kanazawa,2025-12-16,2025-12-16 06:58:00,2025-12-16 16:39:00,False
2025-12-16 05:00:00,5.4,70,0.0,6.2,53,0.0,kanazawa,2025-12-16,2025-12-16 06:58:00,2025-12-16 16:39:00,False
2025-12-16 06:00:00,6.3,68,0.0,6.9,74,0.0,kanazawa,2025-12-16,2025-12-16 06:58:00,2025-12-16 16:39:00,False
2025-12-16 07:00:00,7.2,67,0.0,9.3,47,0.0,kanazawa,2025-12-16,2025-12-16 06:58:00,2025-12-16 16:39:00,True
2025-12-16 08:00:00,7.8,67,0.0,9.5,56,0.0,kanazawa,2025-12-16,2025-12-16 06:58:00,2025-12-16 16:39:00,True
2025-12-16 09:00:00,9.1,65,0.0,9.0,55,0.0,kanazawa,2025-12-16,2025-12-16 06:58:00,2025-12-16 16:39:00,True
2025-12-16 10:00:00,9.6,67,0.0,11.6,67,0.0,kanazawa,2025-12-16,2025-12-16 06:58:00,2025-12-16 16:39:00,True
2025-12-16 11:00:00,10.1,71,0.0,13.6,33,0.0,kanazawa,2025-12-16,2025-12-16 06:58:00,2025-12-16 16:39:00,True
2025-12-16 12:00:00,10.6,69,0.0,13.0,52,0.0,kanazawa,2025-12-16,2025-12-16 06:58:00,2025-12-16 16:39:00,True
2025-12-16 13:00:00,9.8,74,0.1,10.7,79,0.0,kanazawa,2025-12-16,2025-12-16 06:58:00,2025-12-16 16:39:00,True
2025-12-16 14:00:00,9.5,82,0.7,9.7,63,0.0,kanazawa,2025-12-16,2025-12-16 06:58:00,2025-12-16 16:39:00,True
2025-12-16 15:00:00,9.6,81,0.8,8.9,79,0.0,kanazawa,2025-12-16,2025-12-16 06:58:00,2025-12-16 16:39:00,True
2025-12-16 16:00:00,9.8,78,0.5,7.2,41,0.0,kanazawa,2025-12-16,2025-12-16 06:58:00,2025-12-16 16:39:00,True
2025-12-16 17:00:00,10.1,65,0.0,9.7,28,0.0,kanazawa,2025-12-16,2025-12-16 06:58:00,2025-12-16 16:39:00,False
2025-12-16 18:00:00,9.9,63,0.0,9.7,5,0.0,kanazawa,2025-12-16,2025-12-16 06:58:00,2025-12-16 16:39:00,False
2025-12-16 19:00:00,9.3,66,0.0,8.8,18,0.0,kanazawa,2025-12-16,2025-12-16 06:58:00,2025-12-16 16:39:00,False
2025-12-16 20:00:00,8.9,69,0.0,7.6,14,0.0,kanazawa,2025-12-16,2025-12-16 06:58:00,2025-12-16 16:39:00,False
2025-12-16 21:00:00,8.5,71,0.0,7.4,11,0.0,kanazawa,2025-12-16,2025-12-16 06:58:00,2025-12-16 16:39:00,False
2025-12-16 22:00:00,8.4,71,0.0,6.6,33,0.0,kanazawa,2025-12-16,2025-12-16 06:58:00,2025-12-16 16:39:00,False
2025-12-16 23:00:00,8.6,71,0.0,6.4,64,0.0,kanazawa,2025-12-16,2025-12-16 06:58:00,2025-12-16 16:39:00,False
2025-12-17 00:00:00,8.8,72,0.0,6.8,100,0.0,kanazawa,2025-12-17,2025-12-17 06:59:00,2025-12-17 16:39:00,False
2025-12-17 01:00:00,8.2,81,0.4,5.6,97,0.0,kanazawa,2025-12-17,2025-12-17 06:59:00,2025-12-17 16:39:00,False
2025-12-17 02:00:00,8.1,81,0.3,5.7,80,0.0,kanazawa,2025-12-17,2025-12-17 06:59:00,2025-12-17 16:39:00,False
2025-12-17 03:00:00,8.1,79,0.1,7.6,46,0.0,kanazawa,2025-12-17,2025-12-17 06:59:00,2025-12-17 16:39:00,False
2025-12-17 04:00:00,8.6,76,0.0,8.7,68,0.0,kanazawa,2025-12-17,2025-12-17 06:59:00,2025-12-17 16:39:00,False
2025-12-17 05:00:00,9.1,75,0.0,9.3,82,0.0,kanazawa,2025-12-17,2025-12-17 06:59:00,2025-12-17 16:39:00,False
2025-12-17 06:00:00,9.1,74,0.0,7.7,82,0.0,kanazawa,2025-12-17,2025-12-17 06:59:00,2025-12-17 16:39:00,False
2025-12-17 07:00:00,8.4,79,0.1,6.8,67,0.0,kanazawa,2025-12-17,2025-12-17 06:59:00,2025-12-17 16:39:00,True
2025-12-17 08:00:00,9.2,69,0.0,9.0,59,0.0,kanazawa,2025-12-17,2025-12-17 06:59:00,2025-12-17 16:39:00,True
2025-12-17 09:00:00,10.7,62,0.0,11.3,26,0.0,kanazawa,2025-12-17,2025-12-17 06:59:00,2025-12-17 16:39:00,True
2025-12-17 10:00:00,11.1,69,0.1,14.1,65,0.0,kanazawa,2025-12-17,2025-12-17 06:59:00,2025-12-17 16:39:00,True
2025-12-17 11:00:00,10.2,82,0.6,13.0,72,0.0,kanazawa,2025-12-17,2025-12-17 06:59:00,2025-12-17 16:39:00,True
2025-12-17 12:00:00,10.2,86,1.0,15.2,86,0.0,kanazawa,2025-12-17,2025-12-17 06:59:00,2025-12-17 16:39:00,True
2025-12-17 13:00:00,10.2,87,1.4,14.3,73,0.0,kanazawa,2025-12-17,2025-12-17 06:59:00,2025-12-17 16:39:00,True
2025-12-17 14:00:00,10.4,87,0.6,14.7,86,0.0,kanazawa,2025-12-17,2025-12-17 06:59:00,2025-12-17 16:39:00,True
2025-12-17 15:00:00,9.6,90,5.4,10.1,100,0.0,kanazawa,2025-12-17,2025-12-17 06:59:00,2025-12-17 16:39:00,True
2025-12-17 16:00:00,9.0,92,4.5,3.9,96,0.0,kanazawa,2025-12-17,2025-12-17 06:59:00,2025-12-17 16:39:00,True
2025-12-17 17:00:00,8.4,92,1.4,9.6,79,0.0,kanazawa,2025-12-17,2025-12-17 06:59:00,2025-12-17 16:39:00,False
2025-12-17 18:00:00,7.6,91,0.1,10.7,92,0.0,kanazawa,2025-12-17,2025-12-17 06:59:00,2025-12-17 16:39:00,False
2025-12-17 19:00:00,7.3,92,0.6,10.5,83,0.0,kanazawa,2025-12-17,2025-12-17 06:59:00,2025-12-17 16:39:00,False
2025-12-17 20:00:00,7.2,92,1.8,8.7,66,0.0,kanazawa,2025-12-17,2025-12-17 06:59:00,2025-12-17 16:39:00,False
2025-12-17 21:00:00,6.9,93,0.5,7.4,62,0.0,kanazawa,2025-12-17,2025-12-17 06:59:00,2025-12-17 16:39:00,False
2025-12-17 22:00:00,6.8,93,0.1,6.1,66,0.0,kanazawa,2025-12-17,2025-12-17 06:59:00,2025-12-17 16:39:00,False
2025-12-17 23:00:00,6.7,92,0.0,5.9,84,0.0,kanazawa,2025-12-17,2025-12-17 06:59:00,2025-12-17 16:39:00,False
2025-12-18 00:00:00,6.6,90,0.0,7.3,93,0.0,kanazawa,2025-12-18,2025-12-18 06:59:00,2025-12-18 16:39:00,False
2025-12-18 01:00:00,6.4,87,0.0,6.8,72,0.0,kanazawa,2025-12-18,2025-12-18 06:59:00,2025-12-18 16:39:00,False
2025-12-18 02:00:00,6.1,85,0.0,6.8,58,0.0,kanazawa,2025-12-18,2025-12-18 06:59:00,2025-12-18 16:39:00,False
2025-12-18 03:00:00,5.8,83,0.0,6.4,64,0.0,kanazawa,2025-12-18,2025-12-18 06:59:00,2025-12-18 16:39:00,False
2025-12-18 04:00:00,5.7,80,0.0,5.9,67,0.0,kanazawa,2025-12-18,2025-12-18 06:59:00,2025-12-18 16:39:00,False
2025-12-18 05:00:00,5.6,78,0.0,5.8,57,0.0,kanazawa,2025-12-18,2025-12-18 06:59:00,2025-12-18 16:39:00,False
2025-12-18 06:00:00,5.4,78,0.0,5.8,46,0.0,kanazawa,2025-12-18,2025-12-18 06:59:00,2025-12-18 16:39:00,False
2025-12-18 07:00:00,5.1,78,0.0,5.4,40,0.0,kanazawa,2025-12-18,2025-12-18 06:59:00,2025-12-18 16:39:00,True
2025-12-18 08:00:00,5.3,77,0.0,5.8,24,0.0,kanazawa,2025-12-18,2025-12-18 06:59:00,2025-12-18 16:39:00,True
2025-12-18 09:00:00,6.5,71,0.0,6.5,14,0.0,kanazawa,2025-12-18,2025-12-18 06:59:00,2025-12-18 16:39:00,True
2025-12-18 10:00:00,7.8,66,0.0,6.2,8,0.0,kanazawa,2025-12-18,2025-12-18 06:59:00,2025-12-18 16:39:00,True
2025-12-18 11:00:00,8.6,64,0.0,6.2,5,0.0,kanazawa,2025-12-18,2025-12-18 06:59:00,2025-12-18 16:39:00,True
2025-12-18 12:00:00,9.2,62,0.0,5.9,6,0.0,kanazawa,2025-12-18,2025-12-18 06:59:00,2025-12-18 16:39:00,True
2025-12-18 13:00:00,9.3,62,0.0,7.3,10,0.0,kanazawa,2025-12-18,2025-12-18 06:59:00,2025-12-18 16:39:00,True
2025-12-18 14:00:00,8.9,61,0.0,8.6,12,0.0,kanazawa,2025-12-18,2025-12-18 06:59:00,2025-12-18 16:39:00,True
2025-12-18 15:00:00,8.5,61,0.0,9.8,12,0.0,kanazawa,2025-12-18,2025-12-18 06:59:00,2025-12-18 16:39:00,True
2025-12-18 16:00:00,8.0,61,0.0,10.1,29,0.0,kanazawa,2025-12-18,2025-12-18 06:59:00,2025-12-18 16:39:00,True
2025-12-18 17:00:00,7.6,62,0.0,8.9,25,0.0,kanazawa,2025-12-18,2025-12-18 06:59:00,2025-12-18 16:39:00,False
2025-12-18 18:00:00,7.4,65,0.0,7.9,44,0.0,kanazawa,2025-12-18,2025-12-18 06:59:00,2025-12-18 16:39:00,False
2025-12-18 19:00:00,7.0,71,0.0,6.6,43,0.0,kanazawa,2025-12-18,2025-12-18 06:59:00,2025-12-18 16:39:00,False
2025-12-18 20:00:00,6.7,74,0.0,6.5,0,0.0,kanazawa,2025-12-18,2025-12-18 06:59:00,2025-12-18 16:39:00,False
2025-12-18 21:00:00,6.5,78,0.0,6.4,0,0.0,kanazawa,2025-12-18,2025-12-18 06:59:00,2025-12-18 16:39:00,False
2025-12-18 22:00:00,6.2,79,0.0,6.1,0,0.0,kanazawa,2025-12-18,2025-12-18 06:59:00,2025-12-18 16:39:00,False
2025-12-18 23:00:00,6.0,80,0.0,5.6,0,0.0,kanazawa,2025-12-18,2025-12-18 06:59:00,2025-12-18 16:39:00,False
2025-12-19 00:00:00,5.8,80,0.0,5.1,0,0.0,kanazawa,2025-12-19,2025-12-19 07:00:00,2025-12-19 16:40:00,False
2025-12-19 01:00:00,5.6,81,0.0,4.7,0,0.0,kanazawa,2025-12-19,2025-12-19 07:00:00,2025-12-19 16:40:00,False
2025-12-19 02:00:00,5.4,83,0.0,4.5,0,0.0,kanazawa,2025-12-19,2025-12-19 07:00:00,2025-12-19 16:40:00,False
2025-12-19 03:00:00,5.3,84,0.0,4.2,0,0.0,kanazawa,2025-12-19,2025-12-19 07:00:00,2025-12-19 16:40:00,False
2025-12-19 04:00:00,5.0,85,0.0,4.1,0,0.0,kanazawa,2025-12-19,2025-12-19 07:00:00,2025-12-19 16:40:00,False
2025-12-19 05:00:00,4.6,86,0.0,4.3,0,0.0,kanazawa,2025-12-19,2025-12-19 07:00:00,2025-12-19 16:40:00,False
2025-12-19 06:00:00,4.6,86,0.0,4.4,0,0.0,kanazawa,2025-12-19,2025-12-19 07:00:00,2025-12-19 16:40:00,False
2025-12-19 07:00:00,4.9,88,0.0,4.7,0,0.0,kanazawa,2025-12-19,2025-12-19 07:00:00,2025-12-19 16:40:00,True
2025-12-19 08:00:00,5.5,89,0.0,4.8,0,0.0,kanazawa,2025-12-19,2025-12-19 07:00:00,2025-12-19 16:40:00,True
2025-12-19 09:00:00,6.5,86,0.0,4.3,0,0.0,kanazawa,2025-12-19,2025-12-19 07:00:00,2025-12-19 16:40:00,True
2025-12-19 10:00:00,8.4,72,0.0,1.9,0,0.0,kanazawa,2025-12-19,2025-12-19 07:00:00,2025-12-19 16:40:00,True
2025-12-19 11:00:00,10.6,53,0.0,1.1,0,0.0,kanazawa,2025-12-19,2025-12-19 07:00:00,2025-12-19 16:40:00,True
2025-12-19 12:00:00,12.3,40,0.0,2.9,0,0.0,kanazawa,2025-12-19,2025-12-19 07:00:00,2025-12-19 16:40:00,True
2025-12-19 13:00:00,13.1,38,0.0,2.3,1,0.0,kanazawa,2025-12-19,2025-12-19 07:00:00,2025-12-19 16:40:00,True
2025-12-19 14:00:00,13.3,41,0.0,2.6,1,0.0,kanazawa,2025-12-19,2025-12-19 07:00:00,2025-12-19 16:40:00,True
2025-12-19 15:00:00,13.3,46,0.0,3.7,2,0.0,kanazawa,2025-12-19,2025-12-19 07:00:00,2025-12-19 16:40:00,True
2025-12-19 16:00:00,12.9,52,0.0,3.7,35,0.0,kanazawa,2025-12-19,2025-12-19 07:00:00,2025-12-19 16:40:00,True
2025-12-19 17:00:00,12.3,59,0.0,3.1,67,0.0,kanazawa,2025-12-19,2025-12-19 07:00:00,2025-12-19 16:40:00,False
2025-12-19 18:00:00,11.6,65,0.0,3.6,100,0.0,kanazawa,2025-12-19,2025-12-19 07:00:00,2025-12-19 16:40:00,False
2025-12-19 19:00:00,11.0,70,0.0,4.1,100,0.0,kanazawa,2025-12-19,2025-12-19 07:00:00,2025-12-19 16:40:00,False
2025-12-19 20:00:00,10.3,75,0.0,4.4,100,0.0,kanazawa,2025-12-19,2025-12-19 07:00:00,2025-12-19 16:40:00,False
2025-12-19 21:00:00,9.8,79,0.0,4.4,100,0.0,kanazawa,2025-12-19,2025-12-19 07:00:00,2025-12-19 16:40:00,False
2025-12-19 22:00:00,9.4,81,0.0,4.8,100,0.0,kanazawa,2025-12-19,2025-12-19 07:00:00,2025-12-19 16:40:00,False
2025-12-19 23:00:00,9.1,81,0.0,4.8,100,0.0,kanazawa,2025-12-19,2025-12-19 07:00:00,2025-12-19 16:40:00,False
2025-12-20 00:00:00,9.0,82,0.0,5.1,100,0.0,kanazawa,2025-12-20,2025-12-20 07:01:00,2025-12-20 16:40:00,False
2025-12-20 01:00:00,9.2,83,0.0,4.8,100,0.0,kanazawa,2025-12-20,2025-12-20 07:01:00,2025-12-20 16:40:00,False
2025-12-20 02:00:00,9.7,83,0.0,4.0,100,0.0,kanazawa,2025-12-20,2025-12-20 07:01:00,2025-12-20 16:40:00,False
2025-12-20 03:00:00,10.1,84,0.0,3.7,100,0.0,kanazawa,2025-12-20,2025-12-20 07:01:00,2025-12-20 16:40:00,False
2025-12-20 04:00:00,10.2,86,0.1,2.6,93,0.0,kanazawa,2025-12-20,2025-12-20 07:01:00,2025-12-20 16:40:00,False
2025-12-20 05:00:00,10.3,87,0.1,1.5,85,0.0,kanazawa,2025-12-20,2025-12-20 07:01:00,2025-12-20 16:40:00,False
2025-12-20 06:00:00,10.6,88,0.1,1.4,78,0.0,kanazawa,2025-12-20,2025-12-20 07:01:00,2025-12-20 16:40:00,False
2025-12-20 07:00:00,11.0,87,0.0,1.4,68,0.0,kanazawa,2025-12-20,2025-12-20 07:01:00,2025-12-20 16:40:00,False
2025-12-20 08:00:00,11.5,86,0.0,1.5,59,0.0,kanazawa,2025-12-20,2025-12-20 07:01:00,2025-12-20 16:40:00,True
2025-12-20 09:00:00,12.5,83,0.0,1.9,49,0.0,kanazawa,2025-12-20,2025-12-20 07:01:00,2025-12-20 16:40:00,True
2025-12-20 10:00:00,14.3,78,0.0,2.9,62,0.0,kanazawa,2025-12-20,2025-12-20 07:01:00,2025-12-20 16:40:00,True
2025-12-20 11:00:00,16.4,71,0.0,4.1,74,0.0,kanazawa,2025-12-20,2025-12-20 07:01:00,2025-12-20 16:40:00,True
2025-12-20 12:00:00,18.1,66,0.0,4.8,87,0.0,kanazawa,2025-12-20,2025-12-20 07:01:00,2025-12-20 16:40:00,True
2025-12-20 13:00:00,18.7,64,0.0,4.6,77,0.0,kanazawa,2025-12-20,2025-12-20 07:01:00,2025-12-20 16:40:00,True
2025-12-20 14:00:00,18.7,63,0.0,4.4,67,0.0,kanazawa,2025-12-20,2025-12-20 07:01:00,2025-12-20 16:40:00,True
2025-12-20 15:00:00,18.7,63,0.0,4.3,57,0.0,kanazawa,2025-12-20,2025-12-20 07:01:00,2025-12-20 16:40:00,True
2025-12-20 16:00:00,16.2,61,0.0,3.8,65,0.0,kanazawa,2025-12-20,2025-12-20 07:01:00,2025-12-20 16:40:00,True
2025-12-20 17:00:00,15.7,65,0.0,2.3,66,0.0,kanazawa,2025-12-20,2025-12-20 07:01:00,2025-12-20 16:40:00,False
2025-12-20 18:00:00,15.1,69,0.0,1.9,66,0.0,kanazawa,2025-12-20,2025-12-20 07:01:00,2025-12-20 16:40:00,False
2025-12-20 19:00:00,14.6,72,0.0,2.3,58,0.0,kanazawa,2025-12-20,2025-12-20 07:01:00,2025-12-20 16:40:00,False
2025-12-20 20:00:00,14.1,76,0.0,2.3,49,0.0,kanazawa,2025-12-20,2025-12-20 07:01:00,2025-12-20 16:40:00,False
2025-12-20 21:00:00,13.6,79,0.0,2.8,41,0.0,kanazawa,2025-12-20,2025-12-20 07:01:00,2025-12-20 16:40:00,False
2025-12-20 22:00:00,13.0,81,0.0,3.3,58,0.0,kanazawa,2025-12-20,2025-12-20 07:01:00,2025-12-20 16:40:00,False
2025-12-20 23:00:00,12.4,83,0.0,3.8,75,0.0,kanazawa,2025-12-20,2025-12-20 07:01:00,2025-12-20 16:40:00,False
2025-12-21 00:00:00,12.0,85,0.0,3.8,92,0.0,kanazawa,2025-12-21,2025-12-21 07:01:00,2025-12-21 16:41:00,False
2025-12-21 01:00:00,11.7,86,0.0,3.6,80,0.0,kanazawa,2025-12-21,2025-12-21 07:01:00,2025-12-21 16:41:00,False
2025-12-21 02:00:00,11.5,87,0.0,3.3,68,0.0,kanazawa,2025-12-21,2025-12-21 07:01:00,2025-12-21 16:41:00,False
2025-12-21 03:00:00,11.3,88,0.0,3.1,56,0.0,kanazawa,2025-12-21,2025-12-21 07:01:00,2025-12-21 16:41:00,False
2025-12-21 04:00:00,10.9,89,0.0,3.6,54,0.0,kanazawa,2025-12-21,2025-12-21 07:01:00,2025-12-21 16:41:00,False
2025-12-21 05:00:00,10.5,90,0.0,3.8,51,0.0,kanazawa,2025-12-21,2025-12-21 07:01:00,2025-12-21 16:41:00,False
2025-12-21 06:00:00,10.4,90,0.0,4.3,49,0.0,kanazawa,2025-12-21,2025-12-21 07:01:00,2025-12-21 16:41:00,False
2025-12-21 07:00:00,10.6,91,0.0,4.3,40,0.0,kanazawa,2025-12-21,2025-12-21 07:01:00,2025-12-21 16:41:00,False
2025-12-21 08:00:00,11.2,91,0.0,3.8,30,0.0,kanazawa,2025-12-21,2025-12-21 07:01:00,2025-12-21 16:41:00,True
2025-12-21 09:00:00,12.2,89,0.0,3.2,21,0.0,kanazawa,2025-12-21,2025-12-21 07:01:00,2025-12-21 16:41:00,True
2025-12-21 10:00:00,14.1,83,0.0,2.9,30,0.0,kanazawa,2025-12-21,2025-12-21 07:01:00,2025-12-21 16:41:00,True
2025-12-21 11:00:00,16.5,76,0.0,4.1,39,0.0,kanazawa,2025-12-21,2025-12-21 07:01:00,2025-12-21 16:41:00,True
2025-12-21 12:00:00,18.2,71,0.0,5.6,48,0.0,kanazawa,2025-12-21,2025-12-21 07:01:00,2025-12-21 16:41:00,True
2025-12-21 13:00:00,18.6,71,0.0,6.8,56,0.0,kanazawa,2025-12-21,2025-12-21 07:01:00,2025-12-21 16:41:00,True
2025-12-21 14:00:00,18.4,73,0.0,7.8,64,0.0,kanazawa,2025-12-21,2025-12-21 07:01:00,2025-12-21 16:41:00,True
2025-12-21 15:00:00,17.8,77,0.0,8.3,72,0.0,kanazawa,2025-12-21,2025-12-21 07:01:00,2025-12-21 16:41:00,True
2025-12-21 16:00:00,17.0,82,0.2,9.4,80,0.0,kanazawa,2025-12-21,2025-12-21 07:01:00,2025-12-21 16:41:00,True
2025-12-21 17:00:00,15.9,88,0.2,12.0,89,0.0,kanazawa,2025-12-21,2025-12-21 07:01:00,2025-12-21 16:41:00,False
2025-12-21 18:00:00,14.8,92,0.2,14.6,97,0.0,kanazawa,2025-12-21,2025-12-21 07:01:00,2025-12-21 16:41:00,False
2025-12-21 19:00:00,13.8,93,2.2,16.1,98,0.0,kanazawa,2025-12-21,2025-12-21 07:01:00,2025-12-21 16:41:00,False
2025-12-21 20:00:00,12.8,92,2.2,17.4,99,0.0,kanazawa,2025-12-21,2025-12-21 07:01:00,2025-12-21 16:41:00,False
2025-12-21 21:00:00,12.0,92,2.2,18.0,100,0.0,kanazawa,2025-12-21,2025-12-21 07:01:00,2025-12-21 16:41:00,False
2025-12-21 22:00:00,11.7,92,2.8,16.2,100,0.0,kanazawa,2025-12-21,2025-12-21 07:01:00,2025-12-21 16:41:00,False
2025-12-21 23:00:00,11.6,93,2.8,13.0,100,0.0,kanazawa,2025-12-21,2025-12-21 07:01:00,2025-12-21 16:41:00,False
2025-12-22 00:00:00,11.5,93,2.8,11.2,100,0.0,kanazawa,2025-12-22,2025-12-22 07:02:00,2025-12-22 16:41:00,False
2025-12-22 01:00:00,11.3,92,1.3,12.2,100,0.0,kanazawa,2025-12-22,2025-12-22 07:02:00,2025-12-22 16:41:00,False
2025-12-22 02:00:00,11.1,91,1.3,14.4,100,0.0,kanazawa,2025-12-22,2025-12-22 07:02:00,2025-12-22 16:41:00,False
2025-12-22 03:00:00,10.9,89,1.3,15.9,100,0.0,kanazawa,2025-12-22,2025-12-22 07:02:00,2025-12-22 16:41:00,False
2025-12-22 04:00:00,10.8,87,0.0,15.5,100,0.0,kanazawa,2025-12-22,2025-12-22 07:02:00,2025-12-22 16:41:00,False
2025-12-22 05:00:00,10.6,85,0.0,15.5,100,0.0,kanazawa,2025-12-22,2025-12-22 07:02:00,2025-12-22 16:41:00,False
2025-12-22 06:00:00,10.4,83,0.0,16.7,100,0.0,kanazawa,2025-12-22,2025-12-22 07:02:00,2025-12-22 16:41:00,False
2025-12-22 07:00:00,10.1,82,0.1,18.7,99,0.0,kanazawa,2025-12-22,2025-12-22 07:02:00,2025-12-22 16:41:00,False
2025-12-22 08:00:00,9.8,81,0.1,21.2,99,0.0,kanazawa,2025-12-22,2025-12-22 07:02:00,2025-12-22 16:41:00,True
2025-12-22 09:00:00,9.5,80,0.1,23.7,98,0.0,kanazawa,2025-12-22,2025-12-22 07:02:00,2025-12-22 16:41:00,True
2025-12-22 10:00:00,9.2,79,0.1,26.0,97,0.0,kanazawa,2025-12-22,2025-12-22 07:02:00,2025-12-22 16:41:00,True
2025-12-22 11:00:00,8.9,79,0.1,28.3,97,0.0,kanazawa,2025-12-22,2025-12-22 07:02:00,2025-12-22 16:41:00,True
2025-12-22 12:00:00,8.7,78,0.1,29.8,96,0.0,kanazawa,2025-12-22,2025-12-22 07:02:00,2025-12-22 16:41:00,True
2025-12-22 13:00:00,8.3,76,0.2,30.7,97,0.0,kanazawa,2025-12-22,2025-12-22 07:02:00,2025-12-22 16:41:00,True
2025-12-22 14:00:00,8.0,73,0.2,30.6,99,0.0,kanazawa,2025-12-22,2025-12-22 07:02:00,2025-12-22 16:41:00,True
2025-12-22 15:00:00,7.7,70,0.2,30.2,100,0.0,kanazawa,2025-12-22,2025-12-22 07:02:00,2025-12-22 16:41:00,True
2025-12-22 16:00:00,7.6,68,0.0,29.0,98,0.0,kanazawa,2025-12-22,2025-12-22 07:02:00,2025-12-22 16:41:00,True
2025-12-22 17:00:00,7.5,66,0.0,27.3,97,0.0,kanazawa,2025-12-22,2025-12-22 07:02:00,2025-12-22 16:41:00,False
2025-12-22 18:00:00,7.3,65,0.0,25.1,95,0.0,kanazawa,2025-12-22,2025-12-22 07:02:00,2025-12-22 16:41:00,False
2025-12-22 19:00:00,6.9,66,0.0,21.9,98,0.0,kanazawa,2025-12-22,2025-12-22 07:02:00,2025-12-22 16:41:00,False
2025-12-22 20:00:00,6.4,66,0.0,20.9,99,0.0,kanazawa,2025-12-22,2025-12-22 07:02:00,2025-12-22 16:41:00,False
2025-12-22 21:00:00,5.9,64,0.0,21.6,100,0.0,kanazawa,2025-12-22,2025-12-22 07:02:00,2025-12-22 16:41:00,False
2025-12-22 22:00:00,5.2,61,0.0,22.4,100,0.0,kanazawa,2025-12-22,2025-12-22 07:02:00,2025-12-22 16:41:00,False
2025-12-22 23:00:00,4.8,61,0.0,21.4,99,0.0,kanazawa,2025-12-22,2025-12-22 07:02:00,2025-12-22 16:41:00,False
2025-12-16 00:00:00,4.9,55,0.0,7.2,0,0.0,tokyo,2025-12-16,2025-12-16 06:44:00,2025-12-16 16:29:00,False
2025-12-16 01:00:00,4.6,55,0.0,6.8,2,0.0,tokyo,2025-12-16,2025-12-16 06:44:00,2025-12-16 16:29:00,False
2025-12-16 02:00:00,4.3,55,0.0,6.2,4,0.0,tokyo,2025-12-16,2025-12-16 06:44:00,2025-12-16 16:29:00,False
2025-12-16 03:00:00,4.2,54,0.0,5.5,5,0.0,tokyo,2025-12-16,2025-12-16 06:44:00,2025-12-16 16:29:00,False
2025-12-16 04:00:00,4.0,54,0.0,4.7,4,0.0,tokyo,2025-12-16,2025-12-16 06:44:00,2025-12-16 16:29:00,False
2025-12-16 05:00:00,3.7,54,0.0,4.6,6,0.0,tokyo,2025-12-16,2025-12-16 06:44:00,2025-12-16 16:29:00,False
2025-12-16 06:00:00,3.5,54,0.0,4.2,12,0.0,tokyo,2025-12-16,2025-12-16 06:44:00,2025-12-16 16:29:00,False
2025-12-16 07:00:00,3.3,55,0.0,3.1,14,0.0,tokyo,2025-12-16,2025-12-16 06:44:00,2025-12-16 16:29:00,True
2025-12-16 08:00:00,3.8,53,0.0,1.4,8,0.0,tokyo,2025-12-16,2025-12-16 06:44:00,2025-12-16 16:29:00,True
2025-12-16 09:00:00,5.3,48,0.0,1.1,4,0.0,tokyo,2025-12-16,2025-12-16 06:44:00,2025-12-16 16:29:00,True
2025-12-16 10:00:00,7.1,45,0.0,1.1,3,0.0,tokyo,2025-12-16,2025-12-16 06:44:00,2025-12-16 16:29:00,True
2025-12-16 11:00:00,8.7,44,0.0,1.6,2,0.0,tokyo,2025-12-16,2025-12-16 06:44:00,2025-12-16 16:29:00,True
2025-12-16 12:00:00,10.1,43,0.0,3.4,1,0.0,tokyo,2025-12-16,2025-12-16 06:44:00,2025-12-16 16:29:00,True
2025-12-16 13:00:00,10.9,46,0.0,4.7,0,0.0,tokyo,2025-12-16,2025-12-16 06:44:00,2025-12-16 16:29:00,True
2025-12-16 14:00:00,11.1,49,0.0,5.5,0,0.0,tokyo,2025-12-16,2025-12-16 06:44:00,2025-12-16 16:29:00,True
2025-12-16 15:00:00,10.9,53,0.0,4.8,0,0.0,tokyo,2025-12-16,2025-12-16 06:44:00,2025-12-16 16:29:00,True
2025-12-16 16:00:00,10.4,58,0.0,3.7,0,0.0,tokyo,2025-12-16,2025-12-16 06:44:00,2025-12-16 16:29:00,True
2025-12-16 17:00:00,8.9,72,0.0,3.3,0,0.0,tokyo,2025-12-16,2025-12-16 06:44:00,2025-12-16 16:29:00,False
2025-12-16 18:00:00,8.1,78,0.0,3.9,0,0.0,tokyo,2025-12-16,2025-12-16 06:44:00,2025-12-16 16:29:00,False
2025-12-16 19:00:00,7.8,77,0.0,3.4,0,0.0,tokyo,2025-12-16,2025-12-16 06:44:00,2025-12-16 16:29:00,False
2025-12-16 20:00:00,7.6,76,0.0,2.9,0,0.0,tokyo,2025-12-16,2025-12-16 06:44:00,2025-12-16 16:29:00,False
2025-12-16 21:00:00,6.8,80,0.0,4.4,0,0.0,tokyo,2025-12-16,2025-12-16 06:44:00,2025-12-16 16:29:00,False
2025-12-16 22:00:00,5.8,84,0.0,3.6,0,0.0,tokyo,2025-12-16,2025-12-16 06:44:00,2025-12-16 16:29:00,False
2025-12-16 23:00:00,5.2,83,0.0,3.1,0,0.0,tokyo,2025-12-16,2025-12-16 06:44:00,2025-12-16 16:29:00,False
2025-12-17 00:00:00,4.7,79,0.0,3.0,0,0.0,tokyo,2025-12-17,2025-12-17 06:45:00,2025-12-17 16:29:00,False
2025-12-17 01:00:00,4.2,81,0.0,2.6,0,0.0,tokyo,2025-12-17,2025-12-17 06:45:00,2025-12-17 16:29:00,False
2025-12-17 02:00:00,3.9,80,0.0,2.9,1,0.0,tokyo,2025-12-17,2025-12-17 06:45:00,2025-12-17 16:29:00,False
2025-12-17 03:00:00,3.8,78,0.0,3.1,4,0.0,tokyo,2025-12-17,2025-12-17 06:45:00,2025-12-17 16:29:00,False
2025-12-17 04:00:00,3.5,82,0.0,3.3,3,0.0,tokyo,2025-12-17,2025-12-17 06:45:00,2025-12-17 16:29:00,False
2025-12-17 05:00:00,3.5,79,0.0,1.8,1,0.0,tokyo,2025-12-17,2025-12-17 06:45:00,2025-12-17 16:29:00,False
2025-12-17 06:00:00,3.3,80,0.0,2.9,2,0.0,tokyo,2025-12-17,2025-12-17 06:45:00,2025-12-17 16:29:00,False
2025-12-17 07:00:00,3.3,79,0.0,4.0,4,0.0,tokyo,2025-12-17,2025-12-17 06:45:00,2025-12-17 16:29:00,True
2025-12-17 08:00:00,4.1,72,0.0,2.3,1,0.0,tokyo,2025-12-17,2025-12-17 06:45:00,2025-12-17 16:29:00,True
2025-12-17 09:00:00,5.8,67,0.0,1.8,3,0.0,tokyo,2025-12-17,2025-12-17 06:45:00,2025-12-17 16:29:00,True
2025-12-17 10:00:00,9.2,60,0.0,2.3,4,0.0,tokyo,2025-12-17,2025-12-17 06:45:00,2025-12-17 16:29:00,True
2025-12-17 11:00:00,11.3,59,0.0,3.1,5,0.0,tokyo,2025-12-17,2025-12-17 06:45:00,2025-12-17 16:29:00,True
2025-12-17 12:00:00,12.9,53,0.0,3.6,9,0.0,tokyo,2025-12-17,2025-12-17 06:45:00,2025-12-17 16:29:00,True
2025-12-17 13:00:00,14.0,49,0.0,2.5,10,0.0,tokyo,2025-12-17,2025-12-17 06:45:00,2025-12-17 16:29:00,True
2025-12-17 14:00:00,15.2,49,0.0,3.1,7,0.0,tokyo,2025-12-17,2025-12-17 06:45:00,2025-12-17 16:29:00,True
2025-12-17 15:00:00,15.3,51,0.0,5.0,14,0.0,tokyo,2025-12-17,2025-12-17 06:45:00,2025-12-17 16:29:00,True
2025-12-17 16:00:00,14.1,56,0.0,3.6,33,0.0,tokyo,2025-12-17,2025-12-17 06:45:00,2025-12-17 16:29:00,True
2025-12-17 17:00:00,12.1,63,0.0,3.7,42,0.0,tokyo,2025-12-17,2025-12-17 06:45:00,2025-12-17 16:29:00,False
2025-12-17 18:00:00,10.8,66,0.0,3.3,64,0.0,tokyo,2025-12-17,2025-12-17 06:45:00,2025-12-17 16:29:00,False
2025-12-17 19:00:00,10.1,66,0.0,4.9,46,0.0,tokyo,2025-12-17,2025-12-17 06:45:00,2025-12-17 16:29:00,False
2025-12-17 20:00:00,9.5,66,0.0,5.0,64,0.0,tokyo,2025-12-17,2025-12-17 06:45:00,2025-12-17 16:29:00,False
2025-12-17 21:00:00,9.1,66,0.0,4.1,82,0.0,tokyo,2025-12-17,2025-12-17 06:45:00,2025-12-17 16:29:00,False
2025-12-17 22:00:00,8.9,67,0.0,4.7,47,0.0,tokyo,2025-12-17,2025-12-17 06:45:00,2025-12-17 16:29:00,False
2025-12-17 23:00:00,8.4,70,0.0,6.7,52,0.0,tokyo,2025-12-17,2025-12-17 06:45:00,2025-12-17 16:29:00,False
2025-12-18 00:00:00,7.9,76,0.0,6.5,58,0.0,tokyo,2025-12-18,2025-12-18 06:45:00,2025-12-18 16:30:00,False
2025-12-18 01:00:00,7.7,79,0.0,5.8,40,0.0,tokyo,2025-12-18,2025-12-18 06:45:00,2025-12-18 16:30:00,False
2025-12-18 02:00:00,7.3,82,0.0,5.1,20,0.0,tokyo,2025-12-18,2025-12-18 06:45:00,2025-12-18 16:30:00,False
2025-12-18 03:00:00,7.4,80,0.0,4.5,25,0.0,tokyo,2025-12-18,2025-12-18 06:45:00,2025-12-18 16:30:00,False
2025-12-18 04:00:00,7.2,77,0.0,4.5,12,0.0,tokyo,2025-12-18,2025-12-18 06:45:00,2025-12-18 16:30:00,False
2025-12-18 05:00:00,6.8,75,0.0,4.3,4,0.0,tokyo,2025-12-18,2025-12-18 06:45:00,2025-12-18 16:30:00,False
2025-12-18 06:00:00,6.4,75,0.0,4.2,0,0.0,tokyo,2025-12-18,2025-12-18 06:45:00,2025-12-18 16:30:00,False
2025-12-18 07:00:00,5.9,77,0.0,3.6,0,0.0,tokyo,2025-12-18,2025-12-18 06:45:00,2025-12-18 16:30:00,True
2025-12-18 08:00:00,6.6,75,0.0,3.3,0,0.0,tokyo,2025-12-18,2025-12-18 06:45:00,2025-12-18 16:30:00,True
2025-12-18 09:00:00,8.2,65,0.0,4.5,0,0.0,tokyo,2025-12-18,2025-12-18 06:45:00,2025-12-18 16:30:00,True
2025-12-18 10:00:00,9.3,60,0.0,4.9,0,0.0,tokyo,2025-12-18,2025-12-18 06:45:00,2025-12-18 16:30:00,True
2025-12-18 11:00:00,10.1,57,0.0,4.6,0,0.0,tokyo,2025-12-18,2025-12-18 06:45:00,2025-12-18 16:30:00,True
2025-12-18 12:00:00,10.9,54,0.0,4.3,0,0.0,tokyo,2025-12-18,2025-12-18 06:45:00,2025-12-18 16:30:00,True
2025-12-18 13:00:00,11.7,48,0.0,4.9,11,0.0,tokyo,2025-12-18,2025-12-18 06:45:00,2025-12-18 16:30:00,True
2025-12-18 14:00:00,12.1,44,0.0,4.5,25,0.0,tokyo,2025-12-18,2025-12-18 06:45:00,2025-12-18 16:30:00,True
2025-12-18 15:00:00,12.1,41,0.0,3.9,37,0.0,tokyo,2025-12-18,2025-12-18 06:45:00,2025-12-18 16:30:00,True
2025-12-18 16:00:00,11.7,40,0.0,3.6,36,0.0,tokyo,2025-12-18,2025-12-18 06:45:00,2025-12-18 16:30:00,True
2025-12-18 17:00:00,10.3,48,0.0,2.8,6,0.0,tokyo,2025-12-18,2025-12-18 06:45:00,2025-12-18 16:30:00,False
2025-12-18 18:00:00,8.7,56,0.0,3.0,19,0.0,tokyo,2025-12-18,2025-12-18 06:45:00,2025-12-18 16:30:00,False
2025-12-18 19:00:00,8.1,61,0.0,1.8,64,0.0,tokyo,2025-12-18,2025-12-18 06:45:00,2025-12-18 16:30:00,False
2025-12-18 20:00:00,8.4,58,0.0,3.3,73,0.0,tokyo,2025-12-18,2025-12-18 06:45:00,2025-12-18 16:30:00,False
2025-12-18 21:00:00,7.3,68,0.0,5.0,91,0.0,tokyo,2025-12-18,2025-12-18 06:45:00,2025-12-18 16:30:00,False
2025-12-18 22:00:00,6.8,72,0.0,3.4,87,0.0,tokyo,2025-12-18,2025-12-18 06:45:00,2025-12-18 16:30:00,False
2025-12-18 23:00:00,6.2,75,0.0,2.2,83,0.0,tokyo,2025-12-18,2025-12-18 06:45:00,2025-12-18 16:30:00,False
2025-12-19 00:00:00,5.8,77,0.0,4.1,79,0.0,tokyo,2025-12-19,2025-12-19 06:46:00,2025-12-19 16:30:00,False
2025-12-19 01:00:00,5.6,78,0.0,4.9,79,0.0,tokyo,2025-12-19,2025-12-19 06:46:00,2025-12-19 16:30:00,False
2025-12-19 02:00:00,5.5,78,0.0,4.8,79,0.0,tokyo,2025-12-19,2025-12-19 06:46:00,2025-12-19 16:30:00,False
2025-12-19 03:00:00,5.3,78,0.0,4.6,79,0.0,tokyo,2025-12-19,2025-12-19 06:46:00,2025-12-19 16:30:00,False
2025-12-19 04:00:00,4.9,79,0.0,4.2,74,0.0,tokyo,2025-12-19,2025-12-19 06:46:00,2025-12-19 16:30:00,False
2025-12-19 05:00:00,4.4,81,0.0,4.0,69,0.0,tokyo,2025-12-19,2025-12-19 06:46:00,2025-12-19 16:30:00,False
2025-12-19 06:00:00,4.2,81,0.0,4.0,64,0.0,tokyo,2025-12-19,2025-12-19 06:46:00,2025-12-19 16:30:00,False
2025-12-19 07:00:00,4.6,79,0.0,4.3,69,0.0,tokyo,2025-12-19,2025-12-19 06:46:00,2025-12-19 16:30:00,True
2025-12-19 08:00:00,5.4,75,0.0,5.0,73,0.0,tokyo,2025-12-19,2025-12-19 06:46:00,2025-12-19 16:30:00,True
2025-12-19 09:00:00,6.4,71,0.0,5.2,78,0.0,tokyo,2025-12-19,2025-12-19 06:46:00,2025-12-19 16:30:00,True
2025-12-19 10:00:00,7.6,66,0.0,4.7,69,0.0,tokyo,2025-12-19,2025-12-19 06:46:00,2025-12-19 16:30:00,True
2025-12-19 11:00:00,9.0,59,0.0,5.0,60,0.0,tokyo,2025-12-19,2025-12-19 06:46:00,2025-12-19 16:30:00,True
2025-12-19 12:00:00,10.1,55,0.0,5.4,51,0.0,tokyo,2025-12-19,2025-12-19 06:46:00,2025-12-19 16:30:00,True
2025-12-19 13:00:00,10.9,53,0.0,5.2,53,0.0,tokyo,2025-12-19,2025-12-19 06:46:00,2025-12-19 16:30:00,True
2025-12-19 14:00:00,11.4,54,0.0,5.1,56,0.0,tokyo,2025-12-19,2025-12-19 06:46:00,2025-12-19 16:30:00,True
2025-12-19 15:00:00,11.5,55,0.0,4.7,58,0.0,tokyo,2025-12-19,2025-12-19 06:46:00,2025-12-19 16:30:00,True
2025-12-19 16:00:00,11.0,57,0.0,3.4,64,0.0,tokyo,2025-12-19,2025-12-19 06:46:00,2025-12-19 16:30:00,True
2025-12-19 17:00:00,10.0,61,0.0,3.5,69,0.0,tokyo,2025-12-19,2025-12-19 06:46:00,2025-12-19 16:30:00,False
2025-12-19 18:00:00,9.1,65,0.0,4.3,75,0.0,tokyo,2025-12-19,2025-12-19 06:46:00,2025-12-19 16:30:00,False
2025-12-19 19:00:00,8.5,69,0.0,3.7,82,0.0,tokyo,2025-12-19,2025-12-19 06:46:00,2025-12-19 16:30:00,False
2025-12-19 20:00:00,7.9,74,0.0,2.6,88,0.0,tokyo,2025-12-19,2025-12-19 06:46:00,2025-12-19 16:30:00,False
2025-12-19 21:00:00,7.5,78,0.0,1.6,95,0.0,tokyo,2025-12-19,2025-12-19 06:46:00,2025-12-19 16:30:00,False
2025-12-19 22:00:00,7.1,81,0.0,1.6,97,0.0,tokyo,2025-12-19,2025-12-19 06:46:00,2025-12-19 16:30:00,False
2025-12-19 23:00:00,6.8,82,0.0,2.1,98,0.0,tokyo,2025-12-19,2025-12-19 06:46:00,2025-12-19 16:30:00,False
2025-12-20 00:00:00,6.5,84,0.0,2.4,100,0.0,tokyo,2025-12-20,2025-12-20 06:46:00,2025-12-20 16:31:00,False
2025-12-20 01:00:00,6.3,85,0.0,2.6,100,0.0,tokyo,2025-12-20,2025-12-20 06:46:00,2025-12-20 16:31:00,False
2025-12-20 02:00:00,6.0,86,0.0,2.6,100,0.0,tokyo,2025-12-20,2025-12-20 06:46:00,2025-12-20 16:31:00,False
2025-12-20 03:00:00,5.9,87,0.0,2.8,100,0.0,tokyo,2025-12-20,2025-12-20 06:46:00,2025-12-20 16:31:00,False
2025-12-20 04:00:00,5.9,87,0.0,2.8,100,0.0,tokyo,2025-12-20,2025-12-20 06:46:00,2025-12-20 16:31:00,False
2025-12-20 05:00:00,6.0,87,0.0,2.6,100,0.0,tokyo,2025-12-20,2025-12-20 06:46:00,2025-12-20 16:31:00,False
2025-12-20 06:00:00,6.1,87,0.0,2.6,100,0.0,tokyo,2025-12-20,2025-12-20 06:46:00,2025-12-20 16:31:00,False
2025-12-20 07:00:00,6.3,88,0.0,2.3,100,0.0,tokyo,2025-12-20,2025-12-20 06:46:00,2025-12-20 16:31:00,True
2025-12-20 08:00:00,6.4,89,0.0,2.5,100,0.0,tokyo,2025-12-20,2025-12-20 06:46:00,2025-12-20 16:31:00,True
2025-12-20 09:00:00,6.7,89,0.0,3.1,100,0.0,tokyo,2025-12-20,2025-12-20 06:46:00,2025-12-20 16:31:00,True
2025-12-20 10:00:00,7.2,87,0.2,3.4,100,0.0,tokyo,2025-12-20,2025-12-20 06:46:00,2025-12-20 16:31:00,True
2025-12-20 11:00:00,7.8,85,0.2,3.6,100,0.0,tokyo,2025-12-20,2025-12-20 06:46:00,2025-12-20 16:31:00,True
2025-12-20 12:00:00,8.5,83,0.2,3.3,100,0.0,tokyo,2025-12-20,2025-12-20 06:46:00,2025-12-20 16:31:00,True
2025-12-20 13:00:00,9.2,82,0.1,3.1,98,0.0,tokyo,2025-12-20,2025-12-20 06:46:00,2025-12-20 16:31:00,True
2025-12-20 14:00:00,10.0,81,0.1,2.8,95,0.0,tokyo,2025-12-20,2025-12-20 06:46:00,2025-12-20 16:31:00,True
2025-12-20 15:00:00,10.5,81,0.1,2.5,93,0.0,tokyo,2025-12-20,2025-12-20 06:46:00,2025-12-20 16:31:00,True
2025-12-20 16:00:00,9.3,89,0.6,2.3,100,0.0,tokyo,2025-12-20,2025-12-20 06:46:00,2025-12-20 16:31:00,True
2025-12-20 17:00:00,9.1,91,0.6,3.2,100,0.0,tokyo,2025-12-20,2025-12-20 06:46:00,2025-12-20 16:31:00,False
2025-12-20 18:00:00,8.9,92,0.6,4.6,100,0.0,tokyo,2025-12-20,2025-12-20 06:46:00,2025-12-20 16:31:00,False
2025-12-20 19:00:00,8.7,93,1.6,5.2,100,0.0,tokyo,2025-12-20,2025-12-20 06:46:00,2025-12-20 16:31:00,False
2025-12-20 20:00:00,8.6,94,1.6,5.9,99,0.0,tokyo,2025-12-20,2025-12-20 06:46:00,2025-12-20 16:31:00,False
2025-12-20 21:00:00,8.5,94,1.6,5.8,99,0.0,tokyo,2025-12-20,2025-12-20 06:46:00,2025-12-20 16:31:00,False
2025-12-20 22:00:00,8.7,94,3.1,5.4,99,0.0,tokyo,2025-12-20,2025-12-20 06:46:00,2025-12-20 16:31:00,False
2025-12-20 23:00:00,8.9,94,3.1,4.7,100,0.0,tokyo,2025-12-20,2025-12-20 06:46:00,2025-12-20 16:31:00,False
2025-12-21 00:00:00,9.1,94,3.1,4.0,100,0.0,tokyo,2025-12-21,2025-12-21 06:47:00,2025-12-21 16:31:00,False
2025-12-21 01:00:00,9.1,94,0.0,3.2,96,0.0,tokyo,2025-12-21,2025-12-21 06:47:00,2025-12-21 16:31:00,False
2025-12-21 02:00:00,8.9,94,0.0,2.6,93,0.0,tokyo,2025-12-21,2025-12-21 06:47:00,2025-12-21 16:31:00,False
2025-12-21 03:00:00,8.8,94,0.0,2.3,89,0.0,tokyo,2025-12-21,2025-12-21 06:47:00,2025-12-21 16:31:00,False
2025-12-21 04:00:00,8.6,94,0.0,2.5,82,0.0,tokyo,2025-12-21,2025-12-21 06:47:00,2025-12-21 16:31:00,False
2025-12-21 05:00:00,8.4,95,0.0,2.3,76,0.0,tokyo,2025-12-21,2025-12-21 06:47:00,2025-12-21 16:31:00,False
2025-12-21 06:00:00,8.5,94,0.0,2.3,69,0.0,tokyo,2025-12-21,2025-12-21 06:47:00,2025-12-21 16:31:00,False
2025-12-21 07:00:00,8.9,92,0.0,2.1,74,0.0,tokyo,2025-12-21,2025-12-21 06:47:00,2025-12-21 16:31:00,True
2025-12-21 08:00:00,9.5,90,0.0,1.9,79,0.0,tokyo,2025-12-21,2025-12-21 06:47:00,2025-12-21 16:31:00,True
2025-12-21 09:00:00,10.4,87,0.0,1.4,84,0.0,tokyo,2025-12-21,2025-12-21 06:47:00,2025-12-21 16:31:00,True
2025-12-21 10:00:00,11.8,82,0.0,0.7,69,0.0,tokyo,2025-12-21,2025-12-21 06:47:00,2025-12-21 16:31:00,True
2025-12-21 11:00:00,13.5,77,0.0,2.5,55,0.0,tokyo,2025-12-21,2025-12-21 06:47:00,2025-12-21 16:31:00,True
2025-12-21 12:00:00,14.9,74,0.0,4.2,40,0.0,tokyo,2025-12-21,2025-12-21 06:47:00,2025-12-21 16:31:00,True
2025-12-21 13:00:00,16.0,74,0.0,5.7,38,0.0,tokyo,2025-12-21,2025-12-21 06:47:00,2025-12-21 16:31:00,True
2025-12-21 14:00:00,16.9,75,0.0,7.3,37,0.0,tokyo,2025-12-21,2025-12-21 06:47:00,2025-12-21 16:31:00,True
2025-12-21 15:00:00,17.2,78,0.0,8.3,35,0.0,tokyo,2025-12-21,2025-12-21 06:47:00,2025-12-21 16:31:00,True
2025-12-21 16:00:00,16.7,84,0.0,7.6,43,0.0,tokyo,2025-12-21,2025-12-21 06:47:00,2025-12-21 16:31:00,True
2025-12-21 17:00:00,15.8,91,0.0,5.8,52,0.0,tokyo,2025-12-21,2025-12-21 06:47:00,2025-12-21 16:31:00,False
2025-12-21 18:00:00,14.9,96,0.0,4.3,60,0.0,tokyo,2025-12-21,2025-12-21 06:47:00,2025-12-21 16:31:00,False
2025-12-21 19:00:00,14.6,97,0.0,4.0,73,0.0,tokyo,2025-12-21,2025-12-21 06:47:00,2025-12-21 16:31:00,False
2025-12-21 20:00:00,14.3,95,0.0,3.8,87,0.0,tokyo,2025-12-21,2025-12-21 06:47:00,2025-12-21 16:31:00,False
2025-12-21 21:00:00,14.0,94,0.0,3.2,100,0.0,tokyo,2025-12-21,2025-12-21 06:47:00,2025-12-21 16:31:00,False
2025-12-21 22:00:00,13.3,96,0.0,1.8,100,0.0,tokyo,2025-12-21,2025-12-21 06:47:00,2025-12-21 16:31:00,False
2025-12-21 23:00:00,12.4,98,0.0,1.8,100,0.0,tokyo,2025-12-21,2025-12-21 06:47:00,2025-12-21 16:31:00,False
2025-12-22 00:00:00,11.8,99,0.0,3.2,100,0.0,tokyo,2025-12-22,2025-12-22 06:47:00,2025-12-22 16:32:00,False
2025-12-22 01:00:00,11.6,99,0.0,4.2,100,0.0,tokyo,2025-12-22,2025-12-22 06:47:00,2025-12-22 16:32:00,False
2025-12-22 02:00:00,11.7,97,0.0,4.6,100,0.0,tokyo,2025-12-22,2025-12-22 06:47:00,2025-12-22 16:32:00,False
2025-12-22 03:00:00,11.9,94,0.0,5.2,100,0.0,tokyo,2025-12-22,2025-12-22 06:47:00,2025-12-22 16:32:00,False
2025-12-22 04:00:00,12.2,89,0.0,6.5,100,0.0,tokyo,2025-12-22,2025-12-22 06:47:00,2025-12-22 16:32:00,False
2025-12-22 05:00:00,12.7,82,0.0,7.6,100,0.0,tokyo,2025-12-22,2025-12-22 06:47:00,2025-12-22 16:32:00,False
2025-12-22 06:00:00,13.1,76,0.0,8.7,100,0.0,tokyo,2025-12-22,2025-12-22 06:47:00,2025-12-22 16:32:00,False
2025-12-22 07:00:00,13.2,71,0.0,8.8,100,0.0,tokyo,2025-12-22,2025-12-22 06:47:00,2025-12-22 16:32:00,True
2025-12-22 08:00:00,13.1,68,0.0,8.3,100,0.0,tokyo,2025-12-22,2025-12-22 06:47:00,2025-12-22 16:32:00,True
2025-12-22 09:00:00,13.2,64,0.0,8.2,100,0.0,tokyo,2025-12-22,2025-12-22 06:47:00,2025-12-22 16:32:00,True
2025-12-22 10:00:00,13.7,59,0.0,9.2,98,0.0,tokyo,2025-12-22,2025-12-22 06:47:00,2025-12-22 16:32:00,True
2025-12-22 11:00:00,14.4,55,0.0,10.6,97,0.0,tokyo,2025-12-22,2025-12-22 06:47:00,2025-12-22 16:32:00,True
2025-12-22 12:00:00,14.6,54,0.0,11.5,95,0.0,tokyo,2025-12-22,2025-12-22 06:47:00,2025-12-22 16:32:00,True
2025-12-22 13:00:00,14.0,60,0.2,11.5,94,0.0,tokyo,2025-12-22,2025-12-22 06:47:00,2025-12-22 16:32:00,True
2025-12-22 14:00:00,13.0,70,0.2,11.8,93,0.0,tokyo,2025-12-22,2025-12-22 06:47:00,2025-12-22 16:32:00,True
2025-12-22 15:00:00,12.0,77,0.2,12.1,92,0.0,tokyo,2025-12-22,2025-12-22 06:47:00,2025-12-22 16:32:00,True
2025-12-22 16:00:00,11.0,79,0.1,11.6,90,0.0,tokyo,2025-12-22,2025-12-22 06:47:00,2025-12-22 16:32:00,True
2025-12-22 17:00:00,10.1,78,0.1,10.6,89,0.0,tokyo,2025-12-22,2025-12-22 06:47:00,2025-12-22 16:32:00,False
2025-12-22 18:00:00,9.3,76,0.1,9.7,87,0.0,tokyo,2025-12-22,2025-12-22 06:47:00,2025-12-22 16:32:00,False
2025-12-22 19:00:00,8.5,73,0.03,13.7,92,0.0,tokyo,2025-12-22,2025-12-22 06:47:00,2025-12-22 16:32:00,False
2025-12-22 20:00:00,8.0,70,0.05,17.7,97,0.0,tokyo,2025-12-22,2025-12-22 06:47:00,2025-12-22 16:32:00,False
2025-12-22 21:00:00,7.7,65,0.08,22.1,99,0.0,tokyo,2025-12-22,2025-12-22 06:47:00,2025-12-22 16:32:00,False
2025-12-22 22:00:00,7.7,57,0.0,26.6,100,0.0,tokyo,2025-12-22,2025-12-22 06:47:00,2025-12-22 16:32:00,False
2025-12-22 23:00:00,7.8,47,0.0,27.7,100,0.0,tokyo,2025-12-22,2025-12-22 06:47:00,2025-12-22 16:32:00,False
2025-12-16 00:00:00,3.1,77,0.0,4.7,0,0.0,hiroshima,2025-12-16,2025-12-16 07:09:00,2025-12-16 17:01:00,False
2025-12-16 01:00:00,2.8,78,0.0,4.7,0,0.0,hiroshima,2025-12-16,2025-12-16 07:09:00,2025-12-16 17:01:00,False
2025-12-16 02:00:00,2.5,78,0.0,5.1,0,0.0,hiroshima,2025-12-16,2025-12-16 07:09:00,2025-12-16 17:01:00,False
2025-12-16 03:00:00,2.2,79,0.0,5.1,0,0.0,hiroshima,2025-12-16,2025-12-16 07:09:00,2025-12-16 17:01:00,False
2025-12-16 04:00:00,2.0,81,0.0,4.7,0,0.0,hiroshima,2025-12-16,2025-12-16 07:09:00,2025-12-16 17:01:00,False
2025-12-16 05:00:00,1.9,82,0.0,4.7,0,0.0,hiroshima,2025-12-16,2025-12-16 07:09:00,2025-12-16 17:01:00,False
2025-12-16 06:00:00,1.9,84,0.0,4.7,4,0.0,hiroshima,2025-12-16,2025-12-16 07:09:00,2025-12-16 17:01:00,False
2025-12-16 07:00:00,1.9,85,0.0,4.3,10,0.0,hiroshima,2025-12-16,2025-12-16 07:09:00,2025-12-16 17:01:00,False
2025-12-16 08:00:00,2.3,85,0.0,4.4,7,0.0,hiroshima,2025-12-16,2025-12-16 07:09:00,2025-12-16 17:01:00,True
2025-12-16 09:00:00,4.0,79,0.0,2.9,25,0.0,hiroshima,2025-12-16,2025-12-16 07:09:00,2025-12-16 17:01:00,True
2025-12-16 10:00:00,5.8,74,0.0,1.4,20,0.0,hiroshima,2025-12-16,2025-12-16 07:09:00,2025-12-16 17:01:00,True
2025-12-16 11:00:00,7.7,75,0.0,3.4,22,0.0,hiroshima,2025-12-16,2025-12-16 07:09:00,2025-12-16 17:01:00,True
2025-12-16 12:00:00,9.4,75,0.0,6.1,31,0.0,hiroshima,2025-12-16,2025-12-16 07:09:00,2025-12-16 17:01:00,True
2025-12-16 13:00:00,10.6,72,0.0,6.1,33,0.0,hiroshima,2025-12-16,2025-12-16 07:09:00,2025-12-16 17:01:00,True
2025-12-16 14:00:00,11.4,69,0.0,5.1,37,0.0,hiroshima,2025-12-16,2025-12-16 07:09:00,2025-12-16 17:01:00,True
2025-12-16 15:00:00,11.8,66,0.0,4.4,38,0.0,hiroshima,2025-12-16,2025-12-16 07:09:00,2025-12-16 17:01:00,True
2025-12-16 16:00:00,11.8,66,0.0,3.0,38,0.0,hiroshima,2025-12-16,2025-12-16 07:09:00,2025-12-16 17:01:00,True
2025-12-16 17:00:00,10.9,75,0.0,1.8,26,0.0,hiroshima,2025-12-16,2025-12-16 07:09:00,2025-12-16 17:01:00,True
2025-12-16 18:00:00,9.8,77,0.0,5.2,9,0.0,hiroshima,2025-12-16,2025-12-16 07:09:00,2025-12-16 17:01:00,False
2025-12-16 19:00:00,8.6,76,0.0,5.4,2,0.0,hiroshima,2025-12-16,2025-12-16 07:09:00,2025-12-16 17:01:00,False
2025-12-16 20:00:00,7.5,77,0.0,4.5,4,0.0,hiroshima,2025-12-16,2025-12-16 07:09:00,2025-12-16 17:01:00,False
2025-12-16 21:00:00,6.8,79,0.0,4.2,8,0.0,hiroshima,2025-12-16,2025-12-16 07:09:00,2025-12-16 17:01:00,False
2025-12-16 22:00:00,6.2,80,0.0,4.0,10,0.0,hiroshima,2025-12-16,2025-12-16 07:09:00,2025-12-16 17:01:00,False
2025-12-16 23:00:00,5.8,79,0.0,4.7,12,0.0,hiroshima,2025-12-16,2025-12-16 07:09:00,2025-12-16 17:01:00,False
2025-12-17 00:00:00,5.5,80,0.0,4.3,21,0.0,hiroshima,2025-12-17,2025-12-17 07:10:00,2025-12-17 17:02:00,False
2025-12-17 01:00:00,5.3,81,0.0,4.4,22,0.0,hiroshima,2025-12-17,2025-12-17 07:10:00,2025-12-17 17:02:00,False
2025-12-17 02:00:00,5.3,82,0.0,4.0,24,0.0,hiroshima,2025-12-17,2025-12-17 07:10:00,2025-12-17 17:02:00,False
2025-12-17 03:00:00,5.7,81,0.0,4.0,37,0.0,hiroshima,2025-12-17,2025-12-17 07:10:00,2025-12-17 17:02:00,False
2025-12-17 04:00:00,6.2,80,0.0,3.9,76,0.0,hiroshima,2025-12-17,2025-12-17 07:10:00,2025-12-17 17:02:00,False
2025-12-17 05:00:00,6.4,80,0.0,4.7,91,0.0,hiroshima,2025-12-17,2025-12-17 07:10:00,2025-12-17 17:02:00,False
2025-12-17 06:00:00,6.6,83,0.0,4.7,88,0.0,hiroshima,2025-12-17,2025-12-17 07:10:00,2025-12-17 17:02:00,False
2025-12-17 07:00:00,6.8,87,0.1,4.0,87,0.0,hiroshima,2025-12-17,2025-12-17 07:10:00,2025-12-17 17:02:00,False
2025-12-17 08:00:00,7.2,89,0.2,3.7,85,0.0,hiroshima,2025-12-17,2025-12-17 07:10:00,2025-12-17 17:02:00,True
2025-12-17 09:00:00,8.0,91,1.6,2.1,59,0.0,hiroshima,2025-12-17,2025-12-17 07:10:00,2025-12-17 17:02:00,True
2025-12-17 10:00:00,9.8,94,1.5,1.3,60,0.0,hiroshima,2025-12-17,2025-12-17 07:10:00,2025-12-17 17:02:00,True
2025-12-17 11:00:00,10.7,94,0.9,2.5,87,0.0,hiroshima,2025-12-17,2025-12-17 07:10:00,2025-12-17 17:02:00,True
2025-12-17 12:00:00,11.7,90,0.2,5.2,65,0.0,hiroshima,2025-12-17,2025-12-17 07:10:00,2025-12-17 17:02:00,True
2025-12-17 13:00:00,12.2,88,0.0,4.1,80,0.0,hiroshima,2025-12-17,2025-12-17 07:10:00,2025-12-17 17:02:00,True
2025-12-17 14:00:00,12.6,86,0.0,2.2,63,0.0,hiroshima,2025-12-17,2025-12-17 07:10:00,2025-12-17 17:02:00,True
2025-12-17 15:00:00,12.9,86,0.0,3.1,45,0.0,hiroshima,2025-12-17,2025-12-17 07:10:00,2025-12-17 17:02:00,True
2025-12-17 16:00:00,12.8,87,0.0,2.9,24,0.0,hiroshima,2025-12-17,2025-12-17 07:10:00,2025-12-17 17:02:00,True
2025-12-17 17:00:00,12.1,90,0.0,2.7,35,0.0,hiroshima,2025-12-17,2025-12-17 07:10:00,2025-12-17 17:02:00,True
2025-12-17 18:00:00,11.4,92,0.0,3.2,18,0.0,hiroshima,2025-12-17,2025-12-17 07:10:00,2025-12-17 17:02:00,False
2025-12-17 19:00:00,10.7,91,0.0,5.1,16,0.0,hiroshima,2025-12-17,2025-12-17 07:10:00,2025-12-17 17:02:00,False
2025-12-17 20:00:00,10.1,84,0.0,5.9,30,0.0,hiroshima,2025-12-17,2025-12-17 07:10:00,2025-12-17 17:02:00,False
2025-12-17 21:00:00,9.2,85,0.0,5.8,17,0.0,hiroshima,2025-12-17,2025-12-17 07:10:00,2025-12-17 17:02:00,False
2025-12-17 22:00:00,8.8,85,0.0,5.3,4,0.0,hiroshima,2025-12-17,2025-12-17 07:10:00,2025-12-17 17:02:00,False
2025-12-17 23:00:00,8.1,85,0.0,4.7,0,0.0,hiroshima,2025-12-17,2025-12-17 07:10:00,2025-12-17 17:02:00,False
2025-12-18 00:00:00,7.4,85,0.0,4.7,0,0.0,hiroshima,2025-12-18,2025-12-18 07:10:00,2025-12-18 17:02:00,False
2025-12-18 01:00:00,6.9,85,0.0,5.2,0,0.0,hiroshima,2025-12-18,2025-12-18 07:10:00,2025-12-18 17:02:00,False
2025-12-18 02:00:00,6.7,85,0.0,6.4,1,0.0,hiroshima,2025-12-18,2025-12-18 07:10:00,2025-12-18 17:02:00,False
2025-12-18 03:00:00,6.5,86,0.0,6.1,19,0.0,hiroshima,2025-12-18,2025-12-18 07:10:00,2025-12-18 17:02:00,False
2025-12-18 04:00:00,6.3,85,0.0,6.6,15,0.0,hiroshima,2025-12-18,2025-12-18 07:10:00,2025-12-18 17:02:00,False
2025-12-18 05:00:00,6.6,89,0.0,7.3,28,0.0,hiroshima,2025-12-18,2025-12-18 07:10:00,2025-12-18 17:02:00,False
2025-12-18 06:00:00,6.8,90,0.0,7.0,39,0.0,hiroshima,2025-12-18,2025-12-18 07:10:00,2025-12-18 17:02:00,False
2025-12-18 07:00:00,6.8,90,0.0,6.7,38,0.0,hiroshima,2025-12-18,2025-12-18 07:10:00,2025-12-18 17:02:00,False
2025-12-18 08:00:00,7.1,89,0.0,6.3,34,0.0,hiroshima,2025-12-18,2025-12-18 07:10:00,2025-12-18 17:02:00,True
2025-12-18 09:00:00,8.3,84,0.0,6.4,28,0.0,hiroshima,2025-12-18,2025-12-18 07:10:00,2025-12-18 17:02:00,True
2025-12-18 10:00:00,9.9,77,0.0,5.8,25,0.0,hiroshima,2025-12-18,2025-12-18 07:10:00,2025-12-18 17:02:00,True
2025-12-18 11:00:00,11.1,71,0.0,4.7,22,0.0,hiroshima,2025-12-18,2025-12-18 07:10:00,2025-12-18 17:02:00,True
2025-12-18 12:00:00,12.2,66,0.0,2.6,17,0.0,hiroshima,2025-12-18,2025-12-18 07:10:00,2025-12-18 17:02:00,True
2025-12-18 13:00:00,12.6,62,0.0,0.9,34,0.0,hiroshima,2025-12-18,2025-12-18 07:10:00,2025-12-18 17:02:00,True
2025-12-18 14:00:00,12.6,61,0.0,2.5,44,0.0,hiroshima,2025-12-18,2025-12-18 07:10:00,2025-12-18 17:02:00,True
2025-12-18 15:00:00,12.1,64,0.0,4.3,66,0.0,hiroshima,2025-12-18,2025-12-18 07:10:00,2025-12-18 17:02:00,True
2025-12-18 16:00:00,11.3,67,0.0,4.8,80,0.0,hiroshima,2025-12-18,2025-12-18 07:10:00,2025-12-18 17:02:00,True
2025-12-18 17:00:00,10.4,71,0.0,3.6,79,0.0,hiroshima,2025-12-18,2025-12-18 07:10:00,2025-12-18 17:02:00,True
2025-12-18 18:00:00,9.6,76,0.0,2.8,78,0.0,hiroshima,2025-12-18,2025-12-18 07:10:00,2025-12-18 17:02:00,False
2025-12-18 19:00:00,9.0,77,0.0,2.7,81,0.0,hiroshima,2025-12-18,2025-12-18 07:10:00,2025-12-18 17:02:00,False
2025-12-18 20:00:00,8.5,79,0.0,2.1,83,0.0,hiroshima,2025-12-18,2025-12-18 07:10:00,2025-12-18 17:02:00,False
2025-12-18 21:00:00,7.9,80,0.0,2.2,82,0.0,hiroshima,2025-12-18,2025-12-18 07:10:00,2025-12-18 17:02:00,False
2025-12-18 22:00:00,7.2,81,0.0,1.3,55,0.0,hiroshima,2025-12-18,2025-12-18 07:10:00,2025-12-18 17:02:00,False
2025-12-18 23:00:00,6.5,83,0.0,1.1,27,0.0,hiroshima,2025-12-18,2025-12-18 07:10:00,2025-12-18 17:02:00,False
2025-12-19 00:00:00,5.8,84,0.0,2.1,0,0.0,hiroshima,2025-12-19,2025-12-19 07:11:00,2025-12-19 17:02:00,False
2025-12-19 01:00:00,5.4,85,0.0,2.4,0,0.0,hiroshima,2025-12-19,2025-12-19 07:11:00,2025-12-19 17:02:00,False
2025-12-19 02:00:00,5.0,86,0.0,2.6,0,0.0,hiroshima,2025-12-19,2025-12-19 07:11:00,2025-12-19 17:02:00,False
2025-12-19 03:00:00,4.7,87,0.0,3.0,0,0.0,hiroshima,2025-12-19,2025-12-19 07:11:00,2025-12-19 17:02:00,False
2025-12-19 04:00:00,4.4,87,0.0,3.1,8,0.0,hiroshima,2025-12-19,2025-12-19 07:11:00,2025-12-19 17:02:00,False
2025-12-19 05:00:00,4.1,86,0.0,2.9,16,0.0,hiroshima,2025-12-19,2025-12-19 07:11:00,2025-12-19 17:02:00,False
2025-12-19 06:00:00,4.0,86,0.0,2.8,24,0.0,hiroshima,2025-12-19,2025-12-19 07:11:00,2025-12-19 17:02:00,False
2025-12-19 07:00:00,4.1,87,0.0,3.3,49,0.0,hiroshima,2025-12-19,2025-12-19 07:11:00,2025-12-19 17:02:00,False
2025-12-19 08:00:00,4.3,88,0.0,3.6,75,0.0,hiroshima,2025-12-19,2025-12-19 07:11:00,2025-12-19 17:02:00,True
2025-12-19 09:00:00,5.2,87,0.0,3.1,100,0.0,hiroshima,2025-12-19,2025-12-19 07:11:00,2025-12-19 17:02:00,True
2025-12-19 10:00:00,7.3,81,0.0,1.0,100,0.0,hiroshima,2025-12-19,2025-12-19 07:11:00,2025-12-19 17:02:00,True
2025-12-19 11:00:00,10.0,73,0.0,2.3,100,0.0,hiroshima,2025-12-19,2025-12-19 07:11:00,2025-12-19 17:02:00,True
2025-12-19 12:00:00,12.2,67,0.0,4.6,100,0.0,hiroshima,2025-12-19,2025-12-19 07:11:00,2025-12-19 17:02:00,True
2025-12-19 13:00:00,13.3,64,0.0,5.2,72,0.0,hiroshima,2025-12-19,2025-12-19 07:11:00,2025-12-19 17:02:00,True
2025-12-19 14:00:00,13.8,62,0.0,5.4,44,0.0,hiroshima,2025-12-19,2025-12-19 07:11:00,2025-12-19 17:02:00,True
2025-12-19 15:00:00,13.8,63,0.0,5.0,16,0.0,hiroshima,2025-12-19,2025-12-19 07:11:00,2025-12-19 17:02:00,True
2025-12-19 16:00:00,13.2,67,0.0,4.0,43,0.0,hiroshima,2025-12-19,2025-12-19 07:11:00,2025-12-19 17:02:00,True
2025-12-19 17:00:00,12.1,73,0.0,2.7,70,0.0,hiroshima,2025-12-19,2025-12-19 07:11:00,2025-12-19 17:02:00,True
2025-12-19 18:00:00,11.1,78,0.0,2.0,97,0.0,hiroshima,2025-12-19,2025-12-19 07:11:00,2025-12-19 17:02:00,False
2025-12-19 19:00:00,10.6,80,0.0,1.3,98,0.0,hiroshima,2025-12-19,2025-12-19 07:11:00,2025-12-19 17:02:00,False
2025-12-19 20:00:00,10.1,80,0.0,0.4,99,0.0,hiroshima,2025-12-19,2025-12-19 07:11:00,2025-12-19 17:02:00,False
2025-12-19 21:00:00,9.8,80,0.0,0.5,100,0.0,hiroshima,2025-12-19,2025-12-19 07:11:00,2025-12-19 17:02:00,False
2025-12-19 22:00:00,9.4,80,0.0,1.8,100,0.0,hiroshima,2025-12-19,2025-12-19 07:11:00,2025-12-19 17:02:00,False
2025-12-19 23:00:00,9.1,81,0.0,3.4,100,0.0,hiroshima,2025-12-19,2025-12-19 07:11:00,2025-12-19 17:02:00,False
2025-12-20 00:00:00,8.8,81,0.0,4.2,100,0.0,hiroshima,2025-12-20,2025-12-20 07:12:00,2025-12-20 17:03:00,False
2025-12-20 01:00:00,8.6,81,0.0,3.8,91,0.0,hiroshima,2025-12-20,2025-12-20 07:12:00,2025-12-20 17:03:00,False
2025-12-20 02:00:00,8.5,81,0.0,3.1,81,0.0,hiroshima,2025-12-20,2025-12-20 07:12:00,2025-12-20 17:03:00,False
2025-12-20 03:00:00,8.4,81,0.0,2.6,72,0.0,hiroshima,2025-12-20,2025-12-20 07:12:00,2025-12-20 17:03:00,False
2025-12-20 04:00:00,8.0,82,0.0,2.9,75,0.0,hiroshima,2025-12-20,2025-12-20 07:12:00,2025-12-20 17:03:00,False
2025-12-20 05:00:00,7.5,82,0.0,3.7,79,0.0,hiroshima,2025-12-20,2025-12-20 07:12:00,2025-12-20 17:03:00,False
2025-12-20 06:00:00,7.3,83,0.0,4.0,82,0.0,hiroshima,2025-12-20,2025-12-20 07:12:00,2025-12-20 17:03:00,False
2025-12-20 07:00:00,7.5,84,0.0,4.1,83,0.0,hiroshima,2025-12-20,2025-12-20 07:12:00,2025-12-20 17:03:00,False
2025-12-20 08:00:00,8.0,84,0.0,3.9,85,0.0,hiroshima,2025-12-20,2025-12-20 07:12:00,2025-12-20 17:03:00,True
2025-12-20 09:00:00,8.8,83,0.0,3.5,86,0.0,hiroshima,2025-12-20,2025-12-20 07:12:00,2025-12-20 17:03:00,True
2025-12-20 10:00:00,10.3,78,0.0,2.3,83,0.0,hiroshima,2025-12-20,2025-12-20 07:12:00,2025-12-20 17:03:00,True
2025-12-20 11:00:00,12.2,72,0.0,1.0,81,0.0,hiroshima,2025-12-20,2025-12-20 07:12:00,2025-12-20 17:03:00,True
2025-12-20 12:00:00,13.8,67,0.0,1.8,78,0.0,hiroshima,2025-12-20,2025-12-20 07:12:00,2025-12-20 17:03:00,True
2025-12-20 13:00:00,14.8,66,0.0,2.4,68,0.0,hiroshima,2025-12-20,2025-12-20 07:12:00,2025-12-20 17:03:00,True
2025-12-20 14:00:00,15.5,67,0.0,3.1,58,0.0,hiroshima,2025-12-20,2025-12-20 07:12:00,2025-12-20 17:03:00,True
2025-12-20 15:00:00,15.9,68,0.0,3.3,48,0.0,hiroshima,2025-12-20,2025-12-20 07:12:00,2025-12-20 17:03:00,True
2025-12-20 16:00:00,15.6,73,0.0,3.0,32,0.0,hiroshima,2025-12-20,2025-12-20 07:12:00,2025-12-20 17:03:00,True
2025-12-20 17:00:00,14.5,76,0.0,1.9,17,0.0,hiroshima,2025-12-20,2025-12-20 07:12:00,2025-12-20 17:03:00,True
2025-12-20 18:00:00,13.3,80,0.0,1.9,3,0.0,hiroshima,2025-12-20,2025-12-20 07:12:00,2025-12-20 17:03:00,False
2025-12-20 19:00:00,12.3,84,0.0,2.5,21,0.0,hiroshima,2025-12-20,2025-12-20 07:12:00,2025-12-20 17:03:00,False
2025-12-20 20:00:00,11.2,89,0.0,3.5,38,0.0,hiroshima,2025-12-20,2025-12-20 07:12:00,2025-12-20 17:03:00,False
2025-12-20 21:00:00,10.3,92,0.0,4.4,56,0.0,hiroshima,2025-12-20,2025-12-20 07:12:00,2025-12-20 17:03:00,False
2025-12-20 22:00:00,9.7,94,0.0,4.6,56,0.0,hiroshima,2025-12-20,2025-12-20 07:12:00,2025-12-20 17:03:00,False
2025-12-20 23:00:00,9.3,94,0.0,4.8,55,0.0,hiroshima,2025-12-20,2025-12-20 07:12:00,2025-12-20 17:03:00,False
2025-12-21 00:00:00,8.9,95,0.0,4.6,55,0.0,hiroshima,2025-12-21,2025-12-21 07:12:00,2025-12-21 17:03:00,False
2025-12-21 01:00:00,8.5,96,0.0,4.6,63,0.0,hiroshima,2025-12-21,2025-12-21 07:12:00,2025-12-21 17:03:00,False
2025-12-21 02:00:00,8.1,97,0.0,4.1,71,0.0,hiroshima,2025-12-21,2025-12-21 07:12:00,2025-12-21 17:03:00,False
2025-12-21 03:00:00,8.0,98,0.0,3.8,79,0.0,hiroshima,2025-12-21,2025-12-21 07:12:00,2025-12-21 17:03:00,False
2025-12-21 04:00:00,8.2,98,0.0,3.6,80,0.0,hiroshima,2025-12-21,2025-12-21 07:12:00,2025-12-21 17:03:00,False
2025-12-21 05:00:00,8.7,97,0.0,3.6,80,0.0,hiroshima,2025-12-21,2025-12-21 07:12:00,2025-12-21 17:03:00,False
2025-12-21 06:00:00,9.2,96,0.0,3.3,81,0.0,hiroshima,2025-12-21,2025-12-21 07:12:00,2025-12-21 17:03:00,False
2025-12-21 07:00:00,9.8,95,0.0,2.8,80,0.0,hiroshima,2025-12-21,2025-12-21 07:12:00,2025-12-21 17:03:00,False
2025-12-21 08:00:00,10.4,95,0.0,2.5,79,0.0,hiroshima,2025-12-21,2025-12-21 07:12:00,2025-12-21 17:03:00,True
2025-12-21 09:00:00,11.2,93,0.0,1.8,78,0.0,hiroshima,2025-12-21,2025-12-21 07:12:00,2025-12-21 17:03:00,True
2025-12-21 10:00:00,12.6,88,0.0,1.1,84,0.0,hiroshima,2025-12-21,2025-12-21 07:12:00,2025-12-21 17:03:00,True
2025-12-21 11:00:00,14.2,83,0.0,1.3,89,0.0,hiroshima,2025-12-21,2025-12-21 07:12:00,2025-12-21 17:03:00,True
2025-12-21 12:00:00,15.3,79,0.0,1.8,95,0.0,hiroshima,2025-12-21,2025-12-21 07:12:00,2025-12-21 17:03:00,True
2025-12-21 13:00:00,15.7,80,0.2,1.4,97,0.0,hiroshima,2025-12-21,2025-12-21 07:12:00,2025-12-21 17:03:00,True
2025-12-21 14:00:00,15.5,83,0.2,1.0,98,0.0,hiroshima,2025-12-21,2025-12-21 07:12:00,2025-12-21 17:03:00,True
2025-12-21 15:00:00,15.2,86,0.2,1.1,100,0.0,hiroshima,2025-12-21,2025-12-21 07:12:00,2025-12-21 17:03:00,True
2025-12-21 16:00:00,14.6,86,1.6,2.1,99,0.0,hiroshima,2025-12-21,2025-12-21 07:12:00,2025-12-21 17:03:00,True
2025-12-21 17:00:00,13.8,85,1.6,4.1,98,0.0,hiroshima,2025-12-21,2025-12-21 07:12:00,2025-12-21 17:03:00,True
2025-12-21 18:00:00,13.2,85,1.6,5.1,97,0.0,hiroshima,2025-12-21,2025-12-21 07:12:00,2025-12-21 17:03:00,False
2025-12-21 19:00:00,12.7,86,0.3,4.7,98,0.0,hiroshima,2025-12-21,2025-12-21 07:12:00,2025-12-21 17:03:00,False
2025-12-21 20:00:00,12.4,89,0.3,4.2,99,0.0,hiroshima,2025-12-21,2025-12-21 07:12:00,2025-12-21 17:03:00,False
2025-12-21 21:00:00,12.1,90,0.3,3.9,100,0.0,hiroshima,2025-12-21,2025-12-21 07:12:00,2025-12-21 17:03:00,False
2025-12-21 22:00:00,11.9,90,0.0,4.2,100,0.0,hiroshima,2025-12-21,2025-12-21 07:12:00,2025-12-21 17:03:00,False
2025-12-21 23:00:00,11.8,89,0.0,4.2,100,0.0,hiroshima,2025-12-21,2025-12-21 07:12:00,2025-12-21 17:03:00,False
2025-12-22 00:00:00,11.7,88,0.0,4.8,100,0.0,hiroshima,2025-12-22,2025-12-22 07:13:00,2025-12-22 17:04:00,False
2025-12-22 01:00:00,11.7,87,0.0,5.2,100,0.0,hiroshima,2025-12-22,2025-12-22 07:13:00,2025-12-22 17:04:00,False
2025-12-22 02:00:00,11.7,86,0.0,5.5,100,0.0,hiroshima,2025-12-22,2025-12-22 07:13:00,2025-12-22 17:04:00,False
2025-12-22 03:00:00,11.5,85,0.0,5.8,100,0.0,hiroshima,2025-12-22,2025-12-22 07:13:00,2025-12-22 17:04:00,False
2025-12-22 04:00:00,11.0,84,0.0,6.1,95,0.0,hiroshima,2025-12-22,2025-12-22 07:13:00,2025-12-22 17:04:00,False
2025-12-22 05:00:00,10.4,83,0.0,6.6,89,0.0,hiroshima,2025-12-22,2025-12-22 07:13:00,2025-12-22 17:04:00,False
2025-12-22 06:00:00,9.9,82,0.0,7.2,84,0.0,hiroshima,2025-12-22,2025-12-22 07:13:00,2025-12-22 17:04:00,False
2025-12-22 07:00:00,9.6,82,0.0,7.6,73,0.0,hiroshima,2025-12-22,2025-12-22 07:13:00,2025-12-22 17:04:00,False
2025-12-22 08:00:00,9.5,81,0.0,7.5,63,0.0,hiroshima,2025-12-22,2025-12-22 07:13:00,2025-12-22 17:04:00,True
2025-12-22 09:00:00,9.7,79,0.0,8.2,52,0.0,hiroshima,2025-12-22,2025-12-22 07:13:00,2025-12-22 17:04:00,True
2025-12-22 10:00:00,10.4,73,0.0,9.6,57,0.0,hiroshima,2025-12-22,2025-12-22 07:13:00,2025-12-22 17:04:00,True
2025-12-22 11:00:00,11.3,66,0.0,11.4,63,0.0,hiroshima,2025-12-22,2025-12-22 07:13:00,2025-12-22 17:04:00,True
2025-12-22 12:00:00,12.1,60,0.0,12.5,68,0.0,hiroshima,2025-12-22,2025-12-22 07:13:00,2025-12-22 17:04:00,True
2025-12-22 13:00:00,12.5,56,0.0,12.7,76,0.0,hiroshima,2025-12-22,2025-12-22 07:13:00,2025-12-22 17:04:00,True
2025-12-22 14:00:00,12.6,55,0.0,12.5,83,0.0,hiroshima,2025-12-22,2025-12-22 07:13:00,2025-12-22 17:04:00,True
2025-12-22 15:00:00,12.4,55,0.0,12.0,91,0.0,hiroshima,2025-12-22,2025-12-22 07:13:00,2025-12-22 17:04:00,True
2025-12-22 16:00:00,11.7,60,0.0,10.7,87,0.0,hiroshima,2025-12-22,2025-12-22 07:13:00,2025-12-22 17:04:00,True
2025-12-22 17:00:00,10.6,66,0.0,9.3,82,0.0,hiroshima,2025-12-22,2025-12-22 07:13:00,2025-12-22 17:04:00,True
2025-12-22 18:00:00,9.7,72,0.0,8.0,78,0.0,hiroshima,2025-12-22,2025-12-22 07:13:00,2025-12-22 17:04:00,False
2025-12-22 19:00:00,8.2,70,0.0,11.3,54,0.0,hiroshima,2025-12-22,2025-12-22 07:13:00,2025-12-22 17:04:00,False
2025-12-22 20:00:00,7.0,68,0.0,13.6,32,0.0,hiroshima,2025-12-22,2025-12-22 07:13:00,2025-12-22 17:04:00,False
2025-12-22 21:00:00,6.0,66,0.0,15.5,16,0.0,hiroshima,2025-12-22,2025-12-22 07:13:00,2025-12-22 17:04:00,False
2025-12-22 22:00:00,5.0,63,0.0,16.6,5,0.0,hiroshima,2025-12-22,2025-12-22 07:13:00,2025-12-22 17:04:00,False
2025-12-22 23:00:00,4.8,65,0.0,15.6,7,0.0,hiroshima,2025-12-22,2025-12-22 07:13:00,2025-12-22 17:04:00,False
2025-12-16 00:00:00,6.0,65,0.0,5.2,0,0.0,miyajima,2025-12-16,2025-12-16 07:10:00,2025-12-16 17:02:00,False
2025-12-16 01:00:00,5.7,64,0.0,4.3,0,0.0,miyajima,2025-12-16,2025-12-16 07:10:00,2025-12-16 17:02:00,False
2025-12-16 02:00:00,5.4,67,0.0,4.1,0,0.0,miyajima,2025-12-16,2025-12-16 07:10:00,2025-12-16 17:02:00,False
2025-12-16 03:00:00,5.0,73,0.0,4.3,0,0.0,miyajima,2025-12-16,2025-12-16 07:10:00,2025-12-16 17:02:00,False
2025-12-16 04:00:00,4.8,77,0.0,4.0,0,0.0,miyajima,2025-12-16,2025-12-16 07:10:00,2025-12-16 17:02:00,False
2025-12-16 05:00:00,4.7,80,0.0,4.0,2,0.0,miyajima,2025-12-16,2025-12-16 07:10:00,2025-12-16 17:02:00,False
2025-12-16 06:00:00,4.8,82,0.0,3.3,8,0.0,miyajima,2025-12-16,2025-12-16 07:10:00,2025-12-16 17:02:00,False
2025-12-16 07:00:00,5.1,83,0.0,2.6,15,0.0,miyajima,2025-12-16,2025-12-16 07:10:00,2025-12-16 17:02:00,False
2025-12-16 08:00:00,5.2,85,0.0,2.3,10,0.0,miyajima,2025-12-16,2025-12-16 07:10:00,2025-12-16 17:02:00,True
2025-12-16 09:00:00,6.8,78,0.0,2.9,29,0.0,miyajima,2025-12-16,2025-12-16 07:10:00,2025-12-16 17:02:00,True
2025-12-16 10:00:00,8.2,74,0.0,5.4,17,0.0,miyajima,2025-12-16,2025-12-16 07:10:00,2025-12-16 17:02:00,True
2025-12-16 11:00:00,9.3,72,0.0,8.1,19,0.0,miyajima,2025-12-16,2025-12-16 07:10:00,2025-12-16 17:02:00,True
2025-12-16 12:00:00,10.2,71,0.0,10.7,24,0.0,miyajima,2025-12-16,2025-12-16 07:10:00,2025-12-16 17:02:00,True
2025-12-16 13:00:00,11.2,67,0.0,9.7,43,0.0,miyajima,2025-12-16,2025-12-16 07:10:00,2025-12-16 17:02:00,True
2025-12-16 14:00:00,12.1,62,0.0,8.8,33,0.0,miyajima,2025-12-16,2025-12-16 07:10:00,2025-12-16 17:02:00,True
2025-12-16 15:00:00,12.8,57,0.0,4.5,38,0.0,miyajima,2025-12-16,2025-12-16 07:10:00,2025-12-16 17:02:00,True
2025-12-16 16:00:00,12.9,55,0.0,2.0,27,0.0,miyajima,2025-12-16,2025-12-16 07:10:00,2025-12-16 17:02:00,True
2025-12-16 17:00:00,12.2,57,0.0,6.6,14,0.0,miyajima,2025-12-16,2025-12-16 07:10:00,2025-12-16 17:02:00,True
2025-12-16 18:00:00,11.2,60,0.0,8.6,11,0.0,miyajima,2025-12-16,2025-12-16 07:10:00,2025-12-16 17:02:00,False
2025-12-16 19:00:00,10.5,64,0.0,7.6,6,0.0,miyajima,2025-12-16,2025-12-16 07:10:00,2025-12-16 17:02:00,False
2025-12-16 20:00:00,9.8,67,0.0,6.8,7,0.0,miyajima,2025-12-16,2025-12-16 07:10:00,2025-12-16 17:02:00,False
2025-12-16 21:00:00,9.2,67,0.0,7.0,11,0.0,miyajima,2025-12-16,2025-12-16 07:10:00,2025-12-16 17:02:00,False
2025-12-16 22:00:00,9.0,66,0.0,6.4,10,0.0,miyajima,2025-12-16,2025-12-16 07:10:00,2025-12-16 17:02:00,False
2025-12-16 23:00:00,9.0,66,0.0,5.6,16,0.0,miyajima,2025-12-16,2025-12-16 07:10:00,2025-12-16 17:02:00,False
2025-12-17 00:00:00,9.1,67,0.0,4.4,24,0.0,miyajima,2025-12-17,2025-12-17 07:10:00,2025-12-17 17:02:00,False
2025-12-17 01:00:00,8.9,72,0.0,3.4,21,0.0,miyajima,2025-12-17,2025-12-17 07:10:00,2025-12-17 17:02:00,False
2025-12-17 02:00:00,8.9,73,0.0,2.5,23,0.0,miyajima,2025-12-17,2025-12-17 07:10:00,2025-12-17 17:02:00,False
2025-12-17 03:00:00,8.9,75,0.0,4.8,46,0.0,miyajima,2025-12-17,2025-12-17 07:10:00,2025-12-17 17:02:00,False
2025-12-17 04:00:00,9.4,76,0.0,4.6,88,0.0,miyajima,2025-12-17,2025-12-17 07:10:00,2025-12-17 17:02:00,False
2025-12-17 05:00:00,9.7,80,0.0,3.1,89,0.0,miyajima,2025-12-17,2025-12-17 07:10:00,2025-12-17 17:02:00,False
2025-12-17 06:00:00,9.8,82,0.1,3.7,96,0.0,miyajima,2025-12-17,2025-12-17 07:10:00,2025-12-17 17:02:00,False
2025-12-17 07:00:00,9.7,87,0.6,5.1,90,0.0,miyajima,2025-12-17,2025-12-17 07:10:00,2025-12-17 17:02:00,False
2025-12-17 08:00:00,10.2,88,0.8,5.4,81,0.0,miyajima,2025-12-17,2025-12-17 07:10:00,2025-12-17 17:02:00,True
2025-12-17 09:00:00,10.6,89,2.1,5.4,72,0.0,miyajima,2025-12-17,2025-12-17 07:10:00,2025-12-17 17:02:00,True
2025-12-17 10:00:00,11.4,88,1.7,9.0,80,0.0,miyajima,2025-12-17,2025-12-17 07:10:00,2025-12-17 17:02:00,True
2025-12-17 11:00:00,11.6,87,1.8,8.1,75,0.0,miyajima,2025-12-17,2025-12-17 07:10:00,2025-12-17 17:02:00,True
2025-12-17 12:00:00,12.0,87,0.2,9.9,66,0.0,miyajima,2025-12-17,2025-12-17 07:10:00,2025-12-17 17:02:00,True
2025-12-17 13:00:00,12.6,86,0.0,7.4,74,0.0,miyajima,2025-12-17,2025-12-17 07:10:00,2025-12-17 17:02:00,True
2025-12-17 14:00:00,13.7,80,0.0,6.2,52,0.0,miyajima,2025-12-17,2025-12-17 07:10:00,2025-12-17 17:02:00,True
2025-12-17 15:00:00,14.8,72,0.0,1.5,31,0.0,miyajima,2025-12-17,2025-12-17 07:10:00,2025-12-17 17:02:00,True
2025-12-17 16:00:00,14.6,73,0.0,2.5,17,0.0,miyajima,2025-12-17,2025-12-17 07:10:00,2025-12-17 17:02:00,True
2025-12-17 17:00:00,13.4,83,0.0,5.1,14,0.0,miyajima,2025-12-17,2025-12-17 07:10:00,2025-12-17 17:02:00,True
2025-12-17 18:00:00,12.6,87,0.0,6.9,17,0.0,miyajima,2025-12-17,2025-12-17 07:10:00,2025-12-17 17:02:00,False
2025-12-17 19:00:00,12.2,80,0.0,5.2,11,0.0,miyajima,2025-12-17,2025-12-17 07:10:00,2025-12-17 17:02:00,False
2025-12-17 20:00:00,11.7,73,0.0,8.7,12,0.0,miyajima,2025-12-17,2025-12-17 07:10:00,2025-12-17 17:02:00,False
2025-12-17 21:00:00,11.3,73,0.0,7.4,14,0.0,miyajima,2025-12-17,2025-12-17 07:10:00,2025-12-17 17:02:00,False
2025-12-17 22:00:00,10.9,74,0.0,9.2,1,0.0,miyajima,2025-12-17,2025-12-17 07:10:00,2025-12-17 17:02:00,False
2025-12-17 23:00:00,10.2,71,0.0,8.2,0,0.0,miyajima,2025-12-17,2025-12-17 07:10:00,2025-12-17 17:02:00,False
2025-12-18 00:00:00,9.6,71,0.0,7.7,0,0.0,miyajima,2025-12-18,2025-12-18 07:11:00,2025-12-18 17:03:00,False
2025-12-18 01:00:00,9.4,71,0.0,5.6,0,0.0,miyajima,2025-12-18,2025-12-18 07:11:00,2025-12-18 17:03:00,False
2025-12-18 02:00:00,9.0,75,0.0,1.5,0,0.0,miyajima,2025-12-18,2025-12-18 07:11:00,2025-12-18 17:03:00,False
2025-12-18 03:00:00,8.6,77,0.0,3.6,7,0.0,miyajima,2025-12-18,2025-12-18 07:11:00,2025-12-18 17:03:00,False
2025-12-18 04:00:00,8.7,79,0.0,6.6,22,0.0,miyajima,2025-12-18,2025-12-18 07:11:00,2025-12-18 17:03:00,False
2025-12-18 05:00:00,8.6,80,0.0,10.7,18,0.0,miyajima,2025-12-18,2025-12-18 07:11:00,2025-12-18 17:03:00,False
2025-12-18 06:00:00,9.2,82,0.0,13.2,32,0.0,miyajima,2025-12-18,2025-12-18 07:11:00,2025-12-18 17:03:00,False
2025-12-18 07:00:00,9.4,81,0.0,11.8,37,0.0,miyajima,2025-12-18,2025-12-18 07:11:00,2025-12-18 17:03:00,False
2025-12-18 08:00:00,9.5,80,0.0,10.9,29,0.0,miyajima,2025-12-18,2025-12-18 07:11:00,2025-12-18 17:03:00,True
2025-12-18 09:00:00,10.1,77,0.0,10.7,27,0.0,miyajima,2025-12-18,2025-12-18 07:11:00,2025-12-18 17:03:00,True
2025-12-18 10:00:00,10.6,73,0.0,10.7,26,0.0,miyajima,2025-12-18,2025-12-18 07:11:00,2025-12-18 17:03:00,True
2025-12-18 11:00:00,11.1,70,0.0,9.4,24,0.0,miyajima,2025-12-18,2025-12-18 07:11:00,2025-12-18 17:03:00,True
2025-12-18 12:00:00,11.6,68,0.0,7.4,19,0.0,miyajima,2025-12-18,2025-12-18 07:11:00,2025-12-18 17:03:00,True
2025-12-18 13:00:00,12.1,64,0.0,3.8,25,0.0,miyajima,2025-12-18,2025-12-18 07:11:00,2025-12-18 17:03:00,True
2025-12-18 14:00:00,12.5,61,0.0,3.1,38,0.0,miyajima,2025-12-18,2025-12-18 07:11:00,2025-12-18 17:03:00,True
2025-12-18 15:00:00,12.6,62,0.0,4.0,54,0.0,miyajima,2025-12-18,2025-12-18 07:11:00,2025-12-18 17:03:00,True
2025-12-18 16:00:00,11.7,67,0.0,4.8,59,0.0,miyajima,2025-12-18,2025-12-18 07:11:00,2025-12-18 17:03:00,True
2025-12-18 17:00:00,10.0,74,0.0,3.8,64,0.0,miyajima,2025-12-18,2025-12-18 07:11:00,2025-12-18 17:03:00,True
2025-12-18 18:00:00,9.0,79,0.0,2.5,73,0.0,miyajima,2025-12-18,2025-12-18 07:11:00,2025-12-18 17:03:00,False
2025-12-18 19:00:00,8.4,79,0.0,2.1,53,0.0,miyajima,2025-12-18,2025-12-18 07:11:00,2025-12-18 17:03:00,False
2025-12-18 20:00:00,7.9,81,0.0,1.8,60,0.0,miyajima,2025-12-18,2025-12-18 07:11:00,2025-12-18 17:03:00,False
2025-12-18 21:00:00,7.6,82,0.0,2.0,48,0.0,miyajima,2025-12-18,2025-12-18 07:11:00,2025-12-18 17:03:00,False
2025-12-18 22:00:00,7.0,83,0.0,2.3,32,0.0,miyajima,2025-12-18,2025-12-18 07:11:00,2025-12-18 17:03:00,False
2025-12-18 23:00:00,6.5,84,0.0,2.8,16,0.0,miyajima,2025-12-18,2025-12-18 07:11:00,2025-12-18 17:03:00,False
2025-12-19 00:00:00,6.0,85,0.0,3.1,0,0.0,miyajima,2025-12-19,2025-12-19 07:11:00,2025-12-19 17:03:00,False
2025-12-19 01:00:00,5.4,85,0.0,3.2,16,0.0,miyajima,2025-12-19,2025-12-19 07:11:00,2025-12-19 17:03:00,False
2025-12-19 02:00:00,4.9,85,0.0,3.3,33,0.0,miyajima,2025-12-19,2025-12-19 07:11:00,2025-12-19 17:03:00,False
2025-12-19 03:00:00,4.6,85,0.0,3.6,49,0.0,miyajima,2025-12-19,2025-12-19 07:11:00,2025-12-19 17:03:00,False
2025-12-19 04:00:00,4.5,84,0.0,4.0,53,0.0,miyajima,2025-12-19,2025-12-19 07:11:00,2025-12-19 17:03:00,False
2025-12-19 05:00:00,4.6,83,0.0,4.7,56,0.0,miyajima,2025-12-19,2025-12-19 07:11:00,2025-12-19 17:03:00,False
2025-12-19 06:00:00,5.0,82,0.0,5.2,60,0.0,miyajima,2025-12-19,2025-12-19 07:11:00,2025-12-19 17:03:00,False
2025-12-19 07:00:00,5.5,83,0.0,5.5,73,0.0,miyajima,2025-12-19,2025-12-19 07:11:00,2025-12-19 17:03:00,False
2025-12-19 08:00:00,6.1,84,0.0,5.5,87,0.0,miyajima,2025-12-19,2025-12-19 07:11:00,2025-12-19 17:03:00,True
2025-12-19 09:00:00,7.2,83,0.0,5.2,100,0.0,miyajima,2025-12-19,2025-12-19 07:11:00,2025-12-19 17:03:00,True
2025-12-19 10:00:00,8.9,78,0.0,3.7,100,0.0,miyajima,2025-12-19,2025-12-19 07:11:00,2025-12-19 17:03:00,True
2025-12-19 11:00:00,11.0,72,0.0,2.7,100,0.0,miyajima,2025-12-19,2025-12-19 07:11:00,2025-12-19 17:03:00,True
2025-12-19 12:00:00,12.7,67,0.0,3.3,100,0.0,miyajima,2025-12-19,2025-12-19 07:11:00,2025-12-19 17:03:00,True
2025-12-19 13:00:00,13.7,64,0.0,3.7,85,0.0,miyajima,2025-12-19,2025-12-19 07:11:00,2025-12-19 17:03:00,True
2025-12-19 14:00:00,14.4,63,0.0,3.8,69,0.0,miyajima,2025-12-19,2025-12-19 07:11:00,2025-12-19 17:03:00,True
2025-12-19 15:00:00,14.5,64,0.0,3.6,54,0.0,miyajima,2025-12-19,2025-12-19 07:11:00,2025-12-19 17:03:00,True
2025-12-19 16:00:00,13.6,68,0.0,2.7,69,0.0,miyajima,2025-12-19,2025-12-19 07:11:00,2025-12-19 17:03:00,True
2025-12-19 17:00:00,12.2,75,0.0,2.6,85,0.0,miyajima,2025-12-19,2025-12-19 07:11:00,2025-12-19 17:03:00,True
2025-12-19 18:00:00,11.0,80,0.0,3.6,100,0.0,miyajima,2025-12-19,2025-12-19 07:11:00,2025-12-19 17:03:00,False
2025-12-19 19:00:00,10.4,83,0.0,3.9,100,0.0,miyajima,2025-12-19,2025-12-19 07:11:00,2025-12-19 17:03:00,False
2025-12-19 20:00:00,10.0,84,0.0,3.9,100,0.0,miyajima,2025-12-19,2025-12-19 07:11:00,2025-12-19 17:03:00,False
2025-12-19 21:00:00,9.6,86,0.0,3.7,100,0.0,miyajima,2025-12-19,2025-12-19 07:11:00,2025-12-19 17:03:00,False
2025-12-19 22:00:00,9.1,89,0.0,4.0,96,0.0,miyajima,2025-12-19,2025-12-19 07:11:00,2025-12-19 17:03:00,False
2025-12-19 23:00:00,8.6,92,0.0,4.0,92,0.0,miyajima,2025-12-19,2025-12-19 07:11:00,2025-12-19 17:03:00,False
2025-12-20 00:00:00,8.2,94,0.0,4.0,88,0.0,miyajima,2025-12-20,2025-12-20 07:12:00,2025-12-20 17:04:00,False
2025-12-20 01:00:00,7.9,95,0.0,4.0,77,0.0,miyajima,2025-12-20,2025-12-20 07:12:00,2025-12-20 17:04:00,False
2025-12-20 02:00:00,7.7,94,0.0,4.0,66,0.0,miyajima,2025-12-20,2025-12-20 07:12:00,2025-12-20 17:04:00,False
2025-12-20 03:00:00,7.5,94,0.0,4.0,55,0.0,miyajima,2025-12-20,2025-12-20 07:12:00,2025-12-20 17:04:00,False
2025-12-20 04:00:00,7.2,94,0.0,4.0,68,0.0,miyajima,2025-12-20,2025-12-20 07:12:00,2025-12-20 17:04:00,False
2025-12-20 05:00:00,7.0,95,0.0,4.0,80,0.0,miyajima,2025-12-20,2025-12-20 07:12:00,2025-12-20 17:04:00,False
2025-12-20 06:00:00,7.1,94,0.0,4.0,93,0.0,miyajima,2025-12-20,2025-12-20 07:12:00,2025-12-20 17:04:00,False
2025-12-20 07:00:00,7.9,93,0.0,4.0,92,0.0,miyajima,2025-12-20,2025-12-20 07:12:00,2025-12-20 17:04:00,False
2025-12-20 08:00:00,9.1,91,0.0,3.6,91,0.0,miyajima,2025-12-20,2025-12-20 07:12:00,2025-12-20 17:04:00,True
2025-12-20 09:00:00,10.5,87,0.0,2.9,90,0.0,miyajima,2025-12-20,2025-12-20 07:12:00,2025-12-20 17:04:00,True
2025-12-20 10:00:00,12.4,80,0.0,2.1,90,0.0,miyajima,2025-12-20,2025-12-20 07:12:00,2025-12-20 17:04:00,True
2025-12-20 11:00:00,14.5,70,0.0,2.2,89,0.0,miyajima,2025-12-20,2025-12-20 07:12:00,2025-12-20 17:04:00,True
2025-12-20 12:00:00,16.1,64,0.0,3.1,89,0.0,miyajima,2025-12-20,2025-12-20 07:12:00,2025-12-20 17:04:00,True
2025-12-20 13:00:00,16.8,63,0.0,3.5,78,0.0,miyajima,2025-12-20,2025-12-20 07:12:00,2025-12-20 17:04:00,True
2025-12-20 14:00:00,16.9,65,0.0,4.0,67,0.0,miyajima,2025-12-20,2025-12-20 07:12:00,2025-12-20 17:04:00,True
2025-12-20 15:00:00,16.9,66,0.0,4.3,56,0.0,miyajima,2025-12-20,2025-12-20 07:12:00,2025-12-20 17:04:00,True
2025-12-20 16:00:00,15.9,73,0.0,2.9,48,0.0,miyajima,2025-12-20,2025-12-20 07:12:00,2025-12-20 17:04:00,True
2025-12-20 17:00:00,14.5,78,0.0,2.2,36,0.0,miyajima,2025-12-20,2025-12-20 07:12:00,2025-12-20 17:04:00,True
2025-12-20 18:00:00,13.3,81,0.0,2.8,25,0.0,miyajima,2025-12-20,2025-12-20 07:12:00,2025-12-20 17:04:00,False
2025-12-20 19:00:00,12.6,82,0.0,3.4,32,0.0,miyajima,2025-12-20,2025-12-20 07:12:00,2025-12-20 17:04:00,False
2025-12-20 20:00:00,12.2,83,0.0,4.3,39,0.0,miyajima,2025-12-20,2025-12-20 07:12:00,2025-12-20 17:04:00,False
2025-12-20 21:00:00,11.9,83,0.0,4.7,46,0.0,miyajima,2025-12-20,2025-12-20 07:12:00,2025-12-20 17:04:00,False
2025-12-20 22:00:00,11.6,84,0.0,4.8,51,0.0,miyajima,2025-12-20,2025-12-20 07:12:00,2025-12-20 17:04:00,False
2025-12-20 23:00:00,11.4,85,0.0,4.4,55,0.0,miyajima,2025-12-20,2025-12-20 07:12:00,2025-12-20 17:04:00,False
2025-12-21 00:00:00,11.3,86,0.0,4.0,60,0.0,miyajima,2025-12-21,2025-12-21 07:12:00,2025-12-21 17:04:00,False
2025-12-21 01:00:00,11.3,86,0.0,4.0,66,0.0,miyajima,2025-12-21,2025-12-21 07:12:00,2025-12-21 17:04:00,False
2025-12-21 02:00:00,11.3,86,0.0,4.0,73,0.0,miyajima,2025-12-21,2025-12-21 07:12:00,2025-12-21 17:04:00,False
2025-12-21 03:00:00,11.4,86,0.0,4.0,79,0.0,miyajima,2025-12-21,2025-12-21 07:12:00,2025-12-21 17:04:00,False
2025-12-21 04:00:00,11.4,86,0.1,4.0,78,0.0,miyajima,2025-12-21,2025-12-21 07:12:00,2025-12-21 17:04:00,False
2025-12-21 05:00:00,11.4,87,0.1,4.0,77,0.0,miyajima,2025-12-21,2025-12-21 07:12:00,2025-12-21 17:04:00,False
2025-12-21 06:00:00,11.6,87,0.1,4.0,76,0.0,miyajima,2025-12-21,2025-12-21 07:12:00,2025-12-21 17:04:00,False
2025-12-21 07:00:00,11.9,88,0.1,4.0,82,0.0,miyajima,2025-12-21,2025-12-21 07:12:00,2025-12-21 17:04:00,False
2025-12-21 08:00:00,12.3,88,0.1,4.0,88,0.0,miyajima,2025-12-21,2025-12-21 07:12:00,2025-12-21 17:04:00,True
2025-12-21 09:00:00,12.9,88,0.1,3.7,94,0.0,miyajima,2025-12-21,2025-12-21 07:12:00,2025-12-21 17:04:00,True
2025-12-21 10:00:00,13.8,86,0.1,2.5,94,0.0,miyajima,2025-12-21,2025-12-21 07:12:00,2025-12-21 17:04:00,True
2025-12-21 11:00:00,14.7,84,0.1,0.7,95,0.0,miyajima,2025-12-21,2025-12-21 07:12:00,2025-12-21 17:04:00,True
2025-12-21 12:00:00,15.4,83,0.1,0.5,95,0.0,miyajima,2025-12-21,2025-12-21 07:12:00,2025-12-21 17:04:00,True
2025-12-21 13:00:00,15.6,85,0.4,1.3,97,0.0,miyajima,2025-12-21,2025-12-21 07:12:00,2025-12-21 17:04:00,True
2025-12-21 14:00:00,15.6,89,0.4,1.9,98,0.0,miyajima,2025-12-21,2025-12-21 07:12:00,2025-12-21 17:04:00,True
2025-12-21 15:00:00,15.3,91,0.4,2.2,100,0.0,miyajima,2025-12-21,2025-12-21 07:12:00,2025-12-21 17:04:00,True
2025-12-21 16:00:00,14.8,89,1.4,2.6,99,0.0,miyajima,2025-12-21,2025-12-21 07:12:00,2025-12-21 17:04:00,True
2025-12-21 17:00:00,14.1,85,1.4,3.9,99,0.0,miyajima,2025-12-21,2025-12-21 07:12:00,2025-12-21 17:04:00,True
2025-12-21 18:00:00,13.5,83,1.4,4.8,98,0.0,miyajima,2025-12-21,2025-12-21 07:12:00,2025-12-21 17:04:00,False
2025-12-21 19:00:00,12.9,84,0.2,4.5,99,0.0,miyajima,2025-12-21,2025-12-21 07:12:00,2025-12-21 17:04:00,False
2025-12-21 20:00:00,12.4,88,0.2,4.1,99,0.0,miyajima,2025-12-21,2025-12-21 07:12:00,2025-12-21 17:04:00,False
2025-12-21 21:00:00,12.0,90,0.2,3.8,100,0.0,miyajima,2025-12-21,2025-12-21 07:12:00,2025-12-21 17:04:00,False
2025-12-21 22:00:00,11.8,91,0.0,3.9,99,0.0,miyajima,2025-12-21,2025-12-21 07:12:00,2025-12-21 17:04:00,False
2025-12-21 23:00:00,11.7,91,0.0,4.4,97,0.0,miyajima,2025-12-21,2025-12-21 07:12:00,2025-12-21 17:04:00,False
2025-12-22 00:00:00,11.6,90,0.0,4.7,96,0.0,miyajima,2025-12-22,2025-12-22 07:13:00,2025-12-22 17:05:00,False
2025-12-22 01:00:00,11.6,89,0.0,4.9,97,0.0,miyajima,2025-12-22,2025-12-22 07:13:00,2025-12-22 17:05:00,False
2025-12-22 02:00:00,11.6,87,0.0,5.1,99,0.0,miyajima,2025-12-22,2025-12-22 07:13:00,2025-12-22 17:05:00,False
2025-12-22 03:00:00,11.4,86,0.0,5.1,100,0.0,miyajima,2025-12-22,2025-12-22 07:13:00,2025-12-22 17:05:00,False
2025-12-22 04:00:00,10.7,86,0.0,5.2,77,0.0,miyajima,2025-12-22,2025-12-22 07:13:00,2025-12-22 17:05:00,False
2025-12-22 05:00:00,9.7,86,0.0,5.0,55,0.0,miyajima,2025-12-22,2025-12-22 07:13:00,2025-12-22 17:05:00,False
2025-12-22 06:00:00,9.0,87,0.0,4.8,32,0.0,miyajima,2025-12-22,2025-12-22 07:13:00,2025-12-22 17:05:00,False
2025-12-22 07:00:00,9.0,89,0.0,3.9,37,0.0,miyajima,2025-12-22,2025-12-22 07:13:00,2025-12-22 17:05:00,False
2025-12-22 08:00:00,9.4,91,0.0,2.9,41,0.0,miyajima,2025-12-22,2025-12-22 07:13:00,2025-12-22 17:05:00,True
2025-12-22 09:00:00,10.0,89,0.0,2.6,46,0.0,miyajima,2025-12-22,2025-12-22 07:13:00,2025-12-22 17:05:00,True
2025-12-22 10:00:00,10.9,81,0.0,3.8,51,0.0,miyajima,2025-12-22,2025-12-22 07:13:00,2025-12-22 17:05:00,True
2025-12-22 11:00:00,12.1,70,0.0,5.9,56,0.0,miyajima,2025-12-22,2025-12-22 07:13:00,2025-12-22 17:05:00,True
2025-12-22 12:00:00,12.9,61,0.0,7.4,61,0.0,miyajima,2025-12-22,2025-12-22 07:13:00,2025-12-22 17:05:00,True
2025-12-22 13:00:00,13.4,55,0.0,8.2,64,0.0,miyajima,2025-12-22,2025-12-22 07:13:00,2025-12-22 17:05:00,True
2025-12-22 14:00:00,13.6,52,0.0,8.4,67,0.0,miyajima,2025-12-22,2025-12-22 07:13:00,2025-12-22 17:05:00,True
2025-12-22 15:00:00,13.3,52,0.0,8.1,70,0.0,miyajima,2025-12-22,2025-12-22 07:13:00,2025-12-22 17:05:00,True
2025-12-22 16:00:00,12.2,57,0.0,7.0,65,0.0,miyajima,2025-12-22,2025-12-22 07:13:00,2025-12-22 17:05:00,True
2025-12-22 17:00:00,10.7,66,0.0,5.7,59,0.0,miyajima,2025-12-22,2025-12-22 07:13:00,2025-12-22 17:05:00,True
2025-12-22 18:00:00,9.3,74,0.0,4.6,54,0.0,miyajima,2025-12-22,2025-12-22 07:13:00,2025-12-22 17:05:00,False
2025-12-22 19:00:00,7.7,75,0.0,10.7,41,0.0,miyajima,2025-12-22,2025-12-22 07:13:00,2025-12-22 17:05:00,False
2025-12-22 20:00:00,6.6,74,0.0,15.3,28,0.0,miyajima,2025-12-22,2025-12-22 07:13:00,2025-12-22 17:05:00,False
2025-12-22 21:00:00,5.9,73,0.0,19.2,18,0.0,miyajima,2025-12-22,2025-12-22 07:13:00,2025-12-22 17:05:00,False
2025-12-22 22:00:00,5.5,69,0.0,23.0,28,0.0,miyajima,2025-12-22,2025-12-22 07:13:00,2025-12-22 17:05:00,False
2025-12-22 23:00:00,5.6,69,0.0,23.2,55,0.0,miyajima,2025-12-22,2025-12-22 07:13:00,2025-12-22 17:05:00,False
